Transformed NOX,Transformed PTRATIO,Transformed RM,Transformed TAX,Transformed medv_log,Transformed zn_log,Imputed: Transformed INDUS,Imputed: Transformed age_cube,Imputed: Transformed b_cube,Imputed: Transformed crim_log,Imputed: Transformed dis_log,Imputed: Transformed lstat_log,Imputed: Transformed rad_log,Cluster ID,Distance to Centroid
-0.1442913,-1.457357031,0.417005708,-0.667696216,0.354354513,1.234144713,-1.291376697,0.058791302,0.361340101,-1.984815447,0.408876782,-1.278425205,-2.13449138,1,7.211365636
-0.739865852,-0.30253578,0.197843429,-0.988280506,0.096558554,-0.58551202,-0.597155227,0.438673493,0.361340101,-1.307577188,0.768952031,-0.266894759,-1.342719226,3,5.553243974
-0.739865852,-0.30253578,1.285116034,-0.988280506,1.256454543,-0.58551202,-0.597155227,-0.065157176,0.338135262,-1.307916193,0.768952031,-1.631016342,-1.342719226,1,6.585398912
-0.83481252,0.11319987,1.01899041,-1.107015429,1.163026507,-0.58551202,-1.310336527,-0.583967673,0.348417517,-1.228920735,1.138192476,-2.156340748,-0.879562207,1,6.230719036
-0.83481252,0.11319987,1.23103703,-1.107015429,1.360001668,-0.58551202,-1.310336527,-0.286922058,0.361340101,-0.878348083,1.138192476,-1.165281167,-0.879562207,1,5.608076783
-0.83481252,0.11319987,0.210651614,-1.107015429,0.791948027,-0.58551202,-1.310336527,-0.140304542,0.345507391,-1.266424677,1.138192476,-1.203213956,-0.879562207,1,5.896389274
-0.265132514,-1.503549881,-0.384217429,-0.578645024,0.239558261,1.022944411,-0.480479349,0.09992221,0.35394555,-0.764608008,0.9780977,0.245262631,-0.296053371,3,5.171454834
-0.265132514,-1.503549881,-0.15651636,-0.578645024,0.651591354,1.022944411,-0.480479349,0.857715702,0.361340101,-0.536476931,1.103726134,0.965208607,-0.296053371,3,7.0130588
-0.265132514,-1.503549881,-0.9264306,-0.578645024,-0.562444885,1.022944411,-0.480479349,0.945635392,0.302476301,-0.360926817,1.144266145,1.709090264,-0.296053371,3,8.120973802
-0.265132514,-1.503549881,-0.395602483,-0.578645024,-0.230165868,1.022944411,-0.480479349,0.615920902,0.302938836,-0.461323849,1.293495522,0.77659855,-0.296053371,3,6.144679944
-0.265132514,-1.503549881,0.135225635,-0.578645024,-0.795649698,1.022944411,-0.480479349,0.816333857,0.33636126,-0.33195156,1.22318784,1.074619266,-0.296053371,3,7.52865631
-0.265132514,-1.503549881,-0.388486824,-0.578645024,-0.230165868,1.022944411,-0.480479349,0.541183186,0.361340101,-0.632469245,1.187811586,0.354194829,-0.296053371,3,5.764285574
-0.265132514,-1.503549881,-0.559262626,-0.578645024,0.107860184,1.022944411,-0.480479349,-0.852340333,0.324778703,-0.736693218,0.941203976,0.63536952,-0.296053371,3,6.402528205
-0.1442913,1.17563542,-0.473874725,-0.602392008,-0.043296572,-0.58551202,-0.441101241,-0.043610802,0.361340101,0.14454637,0.669469672,-0.435534333,-0.550947072,3,3.656106418
-0.1442913,1.17563542,-0.264674368,-0.602392008,-0.322508849,-0.58551202,-0.441101241,0.581263565,0.264036854,0.150532764,0.570166878,-0.074339728,-0.550947072,3,3.666630862
-0.1442913,1.17563542,-0.637534869,-0.602392008,-0.104014292,-0.58551202,-0.441101241,-0.211010903,0.354059435,0.142801631,0.585348088,-0.393712646,-0.550947072,3,3.912915705
-0.1442913,1.17563542,-0.493798569,-0.602392008,0.260834904,-0.58551202,-0.441101241,-1.295712059,0.303748118,0.382831808,0.585348088,-0.814322537,-0.550947072,3,5.658239035
-0.1442913,1.17563542,-0.415526326,-0.602392008,-0.418474034,-0.58551202,-0.441101241,0.510783174,0.303170079,0.246037356,0.483436141,0.521273449,-0.550947072,3,3.904212065
-0.1442913,1.17563542,-1.175478645,-0.602392008,-0.067403157,-0.58551202,-0.441101241,-0.954493676,-0.317660783,0.256832851,0.270871868,0.14301668,-0.550947072,3,4.947757917
-0.1442913,1.17563542,-0.789809959,-0.602392008,-0.322508849,-0.58551202,-0.441101241,0.183323075,0.327362427,0.210225954,0.270871868,0.083543061,-0.550947072,3,3.365816312
-0.1442913,1.17563542,-1.013241633,-0.602392008,-1.035388021,-0.58551202,-0.441101241,0.903093892,0.243796653,0.46244584,0.271555157,1.120414845,-0.550947072,3,6.131454017
-0.1442913,1.17563542,-0.451104618,-0.602392008,-0.141181568,-0.58551202,-0.441101241,0.696149007,0.3364185,0.28443076,0.373330339,0.423049902,-0.550947072,3,3.7111762
-0.1442913,1.17563542,-0.19921031,-0.602392008,-0.763241296,-0.58551202,-0.441101241,0.755619898,0.361340101,0.455248243,0.356906566,0.927377662,-0.550947072,3,5.013708243
-0.1442913,1.17563542,-0.667420634,-0.602392008,-0.878599966,-0.58551202,-0.441101241,0.945635392,0.347904147,0.353140679,0.411231529,1.027529023,-0.550947072,3,5.636972876
-0.1442913,1.17563542,-0.509453017,-0.602392008,-0.699684512,-0.58551202,-0.441101241,0.811703467,0.346705982,0.225563679,0.544107857,0.696784018,-0.550947072,3,4.839514037
-0.1442913,1.17563542,-0.971970814,-0.602392008,-0.982001207,-0.58551202,-0.441101241,0.610993023,-0.217997866,0.278142593,0.567132297,0.718108298,-0.550947072,3,5.915457379
-0.1442913,1.17563542,-0.667420634,-0.602392008,-0.547660559,-0.58551202,-0.441101241,0.722451335,0.24562038,0.17452538,0.659403394,0.53709537,-0.550947072,3,4.632047573
-0.1442913,1.17563542,-0.33440782,-0.602392008,-0.828493125,-0.58551202,-0.441101241,0.686530924,-0.197946847,0.33759231,0.566632986,0.794041743,-0.550947072,3,5.314757036
-0.1442913,1.17563542,0.303155173,-0.602392008,-0.295767614,-0.58551202,-0.441101241,0.818646598,0.310042287,0.23937481,0.5671739,0.294124603,-0.550947072,3,4.421469774
-0.1442913,1.17563542,0.557895745,-0.602392008,0.027630092,-0.58551202,-0.441101241,0.650203691,0.265264904,0.359658146,0.475191493,0.183837043,-0.550947072,3,4.183144981
-0.1442913,1.17563542,-0.809733802,-0.602392008,-1.202914935,-0.58551202,-0.441101241,0.811703467,0.145853219,0.415412606,0.472566455,1.241145304,-0.550947072,3,6.376734633
-0.1442913,1.17563542,-0.298829528,-0.602392008,-0.878599966,-0.58551202,-0.441101241,0.945635392,0.244738056,0.499011821,0.446997539,0.325069326,-0.550947072,3,4.718516798
-0.1442913,1.17563542,-0.472451594,-0.602392008,-1.108432209,-0.58551202,-0.441101241,0.518410937,-0.742503436,0.510238801,0.363001268,1.580709704,-0.550947072,3,6.86485923
-0.1442913,1.17563542,-0.826811382,-0.602392008,-1.127039132,-0.58551202,-0.441101241,0.832488853,0.137355526,0.423891094,0.266326467,0.894123275,-0.550947072,3,5.80243596
-0.1442913,1.17563542,-0.264674368,-0.602392008,-1.053445657,-0.58551202,-0.441101241,0.875941839,-0.617807023,0.579709093,0.252869467,1.065634735,-0.550947072,3,6.337518011
-0.480920395,0.34416412,-0.496644832,-0.7686209,-0.230165868,-0.58551202,-0.759043006,0.146229159,0.361340101,-0.912264776,0.044680746,-0.171274757,-0.296053371,3,2.982745824
-0.480920395,0.34416412,-0.627572947,-0.7686209,-0.091749612,-0.58551202,-0.759043006,-0.05590297,0.249617314,-0.718977059,0.054362184,0.102631437,-0.296053371,3,2.499875105
-0.480920395,0.34416412,-0.614764762,-0.7686209,0.027630092,-0.58551202,-0.759043006,-0.750294532,0.361340101,-0.809425361,0.336900331,-0.335731978,-0.296053371,3,3.641589748
-0.480920395,0.34416412,-0.449681487,-0.7686209,0.424698537,-0.58551202,-0.759043006,-1.250779855,0.341566163,-0.447886778,0.29550564,-0.095581336,-0.296053371,3,3.711202387
-1.093757977,-0.07157153,0.445468342,-0.928913045,0.96473499,2.090871541,-1.198035995,-1.711785109,0.354116376,-1.302186614,0.924194429,-1.515260848,-0.879562207,1,4.777319479
-1.093757977,-0.07157153,1.055991834,-0.928913045,1.270516642,2.090871541,-1.198035995,-2.120483622,0.354059435,-1.211800983,0.924194429,-2.814856539,-0.879562207,1,6.575147923
-0.921127672,-0.25634293,0.694516386,-1.041711222,0.606025818,-0.58551202,-0.620490402,-3.678147101,0.295414731,-0.594773054,1.030801359,-1.325926053,-0.879562207,1,7.043557261
-0.921127672,-0.25634293,-0.160785755,-1.041711222,0.483424522,-0.58551202,-0.620490402,-3.031453251,0.283573492,-0.546345248,1.030801359,-1.021639508,-0.879562207,1,7.131712158
-0.921127672,-0.25634293,-0.101014224,-1.041711222,0.424698537,-0.58551202,-0.620490402,-3.0451452,0.347447754,-0.491340944,1.030801359,-0.609700965,-0.879562207,1,7.604684186
-0.921127672,-0.25634293,-0.303098923,-1.041711222,0.050822669,-0.58551202,-0.620490402,-0.811013105,0.318397018,-0.612350217,1.030801359,-0.193797748,-0.879562207,3,4.735866617
-0.921127672,-0.25634293,-0.853850884,-1.041711222,-0.17892214,-0.58551202,-0.620490402,-1.079484563,0.361340101,-0.457583515,0.818031971,-0.082477554,-0.879562207,3,5.210067195
-0.921127672,-0.25634293,-0.705845189,-1.041711222,-0.091749612,-0.58551202,-0.620490402,-1.102523773,0.361340101,-0.413975494,0.818031971,0.46115443,-0.879562207,3,4.993251301
-0.921127672,-0.25634293,-0.358601059,-1.041711222,-0.547660559,-0.58551202,-0.620490402,0.606057471,0.337620325,-0.323025754,1.020568789,0.934481339,-0.879562207,3,5.204341013
-0.921127672,-0.25634293,-1.256597151,-1.041711222,-0.895532896,-0.58551202,-0.620490402,0.839388132,0.361340101,-0.275862193,1.078483372,1.757362082,-0.879562207,3,7.635218766
-0.921127672,-0.25634293,-0.967701419,-1.041711222,-0.166277158,-0.58551202,-0.620490402,-0.037484601,0.361340101,-0.342608434,1.145971736,0.686532849,-0.879562207,3,4.884253255
-0.998811309,-0.76446428,-0.453950882,-0.98234376,-0.12872964,1.324745334,-0.805713357,-0.587714763,0.353717768,-0.762307626,1.355042974,0.376638712,-0.550947072,1,5.505370609
-0.998811309,-0.76446428,-0.237634866,-0.98234376,-0.031331763,1.324745334,-0.805713357,-0.007049605,0.344650994,-1.093552145,1.355042974,-0.214862008,-0.550947072,1,5.310287932
-0.998811309,-0.76446428,0.32592528,-0.98234376,0.454237711,1.324745334,-0.805713357,-1.755248411,0.361340101,-0.995552169,1.355042974,-1.180981657,-0.550947072,1,3.404733706
-0.998811309,-0.76446428,-0.404141273,-0.98234376,0.292406937,1.324745334,-0.805713357,-1.73650534,0.361340101,-1.029486554,1.355042974,-0.40159815,-0.550947072,1,4.773484367
-1.249125251,1.22182827,-0.560685758,0.359360864,-0.230165868,2.090871541,-1.044898906,-0.517433323,0.361340101,-1.630192983,1.487528683,0.535970203,-0.879562207,3,10.4932675
-1.309545858,-0.25634293,1.376196462,-1.083268444,1.30532233,2.202189111,-1.450347579,-1.705652374,0.355824161,-1.647173061,1.806964555,-1.336283452,-0.296053371,1,6.959779875
-1.249125251,-0.53350003,0.143764425,-0.566771532,0.424698537,2.167264691,-1.520353106,-0.993951903,0.361340101,-1.439177257,1.908751308,-1.033147738,-1.342719226,1,5.811690922
-1.240493736,-1.549742731,0.759980444,-0.905166061,1.027476852,2.266622183,-1.435763095,-0.790607445,0.338535713,-1.60632135,1.725989112,-1.664417154,-0.296053371,1,5.946124308
-0.877970096,0.57512837,-0.194940915,-0.738937169,0.281928126,1.427984386,-0.880094229,-1.300761049,0.325812431,-0.505822622,1.60882566,-0.744903755,0.240825082,1,5.880481419
-0.877970096,0.57512837,-0.505183622,-0.738937169,-0.141181568,1.427984386,-0.880094229,-0.532071848,0.361340101,-0.692042273,1.386671593,-0.252377807,0.240825082,1,6.789694414
-0.877970096,0.57512837,-0.769886115,-0.738937169,-0.256195885,1.427984386,-0.880094229,0.088229815,0.351154169,-0.521453469,1.463497718,0.339062464,0.240825082,3,6.532457232
-0.877970096,0.57512837,-0.449681487,-0.738937169,-0.637736936,1.427984386,-0.880094229,0.795445243,0.252670556,-0.456801333,1.356076106,0.49494956,0.240825082,3,7.24459748
-0.877970096,0.57512837,-0.449681487,-0.738937169,-0.637736936,1.427984386,-0.215041728,0.795445243,0.330116216,-0.456801333,1.356076106,0.49494956,0.240825082,3,6.730839703
-0.877970096,0.57512837,0.683131333,-0.738937169,0.454237711,1.427984386,-0.880094229,-0.675449402,0.353831661,-0.598198897,1.647803423,-0.202542176,0.240825082,1,5.259885021
-1.196473008,0.06700702,1.169842368,-1.142635906,1.133546649,1.217663796,-1.427012404,-0.115031542,0.340480089,-1.463209191,1.915858201,-0.478433091,-0.879562207,1,5.996756828
-1.352703434,-1.08781423,0.011413179,-0.424289625,0.302841062,2.130247773,-1.136781159,-1.974244372,0.361340101,-1.181798569,1.298941549,-1.38548816,-0.550947072,1,5.896747045
-1.352703434,-1.08781423,-0.704422058,-0.424289625,-0.166277158,2.130247773,-1.136781159,-1.206731708,0.361340101,-1.08909246,1.298941549,-0.077590089,-0.550947072,1,6.802645305
-1.257756766,0.20558557,-0.574917075,-0.376795656,0.1414552,1.022944411,-0.743000073,-1.73650534,0.357417315,-0.95992309,1.266849997,-0.468118447,-0.550947072,1,6.058800987
-1.257756766,0.20558557,-0.979086473,-0.376795656,-0.43249584,1.022944411,-0.743000073,-0.945813244,0.361340101,-0.566258379,1.266849997,0.331444419,-0.550947072,3,6.611030231
-1.257756766,0.20558557,-0.564955153,-0.376795656,0.01595084,1.022944411,-0.743000073,-1.116458185,0.361340101,-0.592166051,1.266849997,-0.331937421,-0.550947072,1,5.859637161
-1.223230705,0.34416412,0.192150902,-0.614265501,0.374660012,-0.58551202,-0.0516955,-3.031453251,0.28566617,-0.764765269,0.884729065,-0.779251564,-0.550947072,3,7.51069588
-1.223230705,0.34416412,-0.456797145,-0.614265501,0.107860184,-0.58551202,-0.0516955,-1.995456556,0.245973244,-0.493086482,0.884729065,-0.137207932,-0.550947072,3,5.00311026
-1.223230705,0.34416412,-0.30879145,-0.614265501,0.228850154,-0.58551202,-0.0516955,-2.876996194,0.327132843,-0.747375037,0.884729065,-1.10693348,-0.550947072,3,7.091154586
-1.223230705,0.34416412,-0.052627747,-0.614265501,0.292406937,-0.58551202,-0.0516955,-3.087082949,0.247325542,-0.397019461,0.884729065,-0.587460185,-0.550947072,3,6.739248904
-1.01607434,0.11319987,-0.01278006,-0.062148111,0.364528327,-0.58551202,0.24291109,-3.115798678,0.350071176,-0.816289539,0.480648408,-0.764444269,-0.296053371,3,7.659017228
-1.01607434,0.11319987,0.005720652,-0.062148111,0.073797473,-0.58551202,0.24291109,-0.614098689,0.282759319,-0.730128004,0.586995225,-0.303750459,-0.296053371,3,4.377266713
-1.01607434,0.11319987,-0.00424127,-0.062148111,-0.091749612,-0.58551202,0.24291109,0.321828507,0.226628152,-0.699950264,0.391669064,0.18244597,-0.296053371,3,3.284259216
-1.01607434,0.11319987,-0.202056574,-0.062148111,0.004215573,-0.58551202,0.24291109,-0.583967673,0.304383845,-0.77104681,0.40910333,-0.072716922,-0.296053371,3,3.723394471
-1.01607434,0.11319987,-0.071128459,-0.062148111,0.050822669,-0.58551202,0.24291109,-0.303707478,0.301146159,-0.971497297,0.786405768,0.23315738,-0.296053371,3,4.015879448
-1.01607434,0.11319987,-0.580609601,-0.062148111,-0.055320176,-0.58551202,0.24291109,-0.954493676,0.356563933,-0.788373905,0.586995225,-0.274200954,-0.296053371,3,4.751691968
-1.01607434,0.11319987,-0.580609601,-0.062148111,-0.055320176,-0.58551202,0.24291109,-0.954493676,0.356563933,-0.266336783,0.586995225,-0.274200954,-0.296053371,3,4.519904376
-1.111021007,0.25177842,0.479623502,-0.756747408,0.344138221,1.427984386,-0.919472338,0.208733318,0.354116376,-1.080403692,0.924057172,-0.659701735,-0.550947072,1,4.334691276
-1.111021007,0.25177842,0.028490759,-0.756747408,0.434584605,1.427984386,-0.919472338,-1.154034295,0.361340101,-1.172215005,0.924057172,-0.779251564,-0.550947072,1,3.731150232
-1.111021007,0.25177842,-0.163632018,-0.756747408,0.239558261,1.427984386,-0.919472338,-0.550486775,0.325582741,-1.186079043,0.924057172,-0.594101295,-0.550947072,1,4.466048819
-0.912496157,0.02081417,0.152303215,-0.958596776,0.344138221,-0.58551202,-0.973434931,-0.502876578,0.361340101,-1.022296397,0.697561695,-0.181632157,-0.879562207,3,5.249448693
-0.912496157,0.02081417,0.495277951,-0.958596776,0.606025818,-0.58551202,-0.973434931,-0.224062897,0.335101724,-0.96425982,0.560087909,-0.827029004,-0.879562207,1,4.939066594
-0.912496157,0.02081417,-0.379948034,-0.958596776,0.196441752,-0.58551202,-0.973434931,-0.610312883,0.356165614,-1.010644821,0.555697694,0.301914842,-0.879562207,3,4.471006949
-0.912496157,0.02081417,-0.229096076,-0.958596776,0.163598325,-0.58551202,-0.973434931,-0.201262279,0.351382123,-0.862149148,0.24684608,-0.399623272,-0.879562207,3,3.983065479
-0.567235547,-0.30253578,1.031798595,-0.822051615,0.31323088,-0.58551202,-1.130947365,0.62575376,0.361340101,-0.970351288,0.078238477,-1.112979983,-1.342719226,1,6.762108228
-0.567235547,-0.30253578,1.134264076,-0.822051615,0.791948027,-0.58551202,-1.130947365,-0.004023866,0.356563933,-1.000586739,0.074334672,-1.053480454,-1.342719226,1,5.725942495
-0.567235547,-0.30253578,0.192150902,-0.822051615,0.207292318,-0.58551202,-1.130947365,0.085299361,0.334414507,-1.057935101,-0.109354498,-0.328151488,-1.342719226,3,5.105325732
-0.567235547,-0.30253578,0.175073322,-0.822051615,0.1414552,-0.58551202,-1.130947365,0.30554162,0.342251925,-1.138916883,-0.109474366,-0.447678807,-1.342719226,3,5.451119681
-0.783023428,-0.11776438,0.227729194,-0.822051615,0.239558261,1.495469305,0.565228201,-0.307077053,0.350584216,-1.108074977,0.205996604,-0.455824592,-0.550947072,1,6.093909735
-0.783023428,-0.11776438,-0.101014224,-0.822051615,0.454237711,1.495469305,0.565228201,-1.315977525,0.358099866,-1.283799277,0.205996604,-0.910729357,-0.550947072,1,5.670349876
-0.783023428,-0.11776438,-0.04693522,-0.822051615,-0.019425177,1.495469305,0.565228201,0.407246735,0.361340101,-1.098162981,0.180084068,-0.021604657,-0.550947072,3,5.334826633
-0.947022218,-0.21015008,0.488162292,-0.786431138,0.766237122,-0.58551202,-1.206786686,-0.169012666,0.132550639,-0.614808297,0.117626331,-0.796694757,-1.342719226,1,5.914924504
-0.947022218,-0.21015008,-0.169324545,-0.786431138,0.073797473,-0.58551202,-1.206786686,0.186157229,0.33240932,-0.642141978,0.117626331,0.092380268,-1.342719226,3,3.973522226
-0.947022218,-0.21015008,2.543164442,-0.786431138,1.523400055,-0.58551202,-1.206786686,0.362166694,0.361340101,-0.619419177,0.117626331,-1.558226668,-1.342719226,1,8.604232123
-0.947022218,-0.21015008,2.188804653,-0.786431138,1.826299569,-0.58551202,-1.206786686,-0.941484819,0.342137641,-0.799542344,0.117626331,-1.832913776,-1.342719226,1,7.324481817
-0.947022218,-0.21015008,1.613859453,-0.786431138,1.148330976,-0.58551202,-1.206786686,-0.022226523,0.361340101,-0.881373648,0.117626331,-0.916102941,-1.342719226,1,6.268843663
-0.299658575,1.12944257,0.633321724,-0.145262557,0.687442524,-0.58551202,-0.379846405,0.464619925,0.349158912,-0.523503339,-0.308129307,-0.216629446,-0.296053371,3,5.099159146
-0.299658575,1.12944257,0.710170835,-0.145262557,0.596809993,-0.58551202,-0.379846405,0.233927909,0.353831661,-0.645047237,-0.256612288,-0.558984112,-0.296053371,3,5.271738003
-0.299658575,1.12944257,0.175073322,-0.145262557,-0.26931548,-0.58551202,-0.379846405,0.603586808,-2.595663193,-0.324056247,-0.350713511,-0.0153245,-0.296053371,3,6.951288297
-0.299658575,1.12944257,-0.206325969,-0.145262557,-0.17892214,-0.58551202,-0.379846405,0.652638396,0.347504806,-0.360117005,-0.350713511,0.375399731,-0.296053371,3,3.701057827
-0.299658575,1.12944257,-0.163632018,-0.145262557,-0.079546103,-0.58551202,-0.379846405,0.715299253,0.337334215,-0.552600836,-0.562915064,0.231806906,-0.296053371,3,3.855269479
-0.299658575,1.12944257,-0.61334163,-0.145262557,-0.153697189,-0.58551202,-0.379846405,0.871394737,0.345107766,-0.576336388,-0.820451889,0.71406752,-0.296053371,3,5.046122958
-0.299658575,1.12944257,-0.634688605,-0.145262557,-0.153697189,-0.58551202,-0.379846405,0.760330645,0.35434413,-0.458177778,-0.731073515,0.922029954,-0.296053371,3,4.966067654
-0.299658575,1.12944257,-0.220557286,-0.145262557,-0.043296572,-0.58551202,-0.379846405,0.598639691,0.308599713,-0.581423635,-0.806867651,0.454075908,-0.296053371,3,4.111745005
-0.299658575,1.12944257,0.273269408,-0.145262557,-0.11634076,-0.58551202,-0.379846405,0.880482688,0.351894964,-0.592671819,-0.553827925,0.223680988,-0.296053371,3,4.531567674
-0.299658575,1.12944257,-0.075397854,-0.145262557,-0.166277158,-0.58551202,-0.379846405,0.743812988,0.328969077,-0.258405591,-0.470271152,0.618316936,-0.296053371,3,4.356166082
-0.299658575,1.12944257,-0.123784331,-0.145262557,0.107860184,-0.58551202,-0.379846405,-0.280236795,0.341909062,-0.671663529,-0.308129307,0.319951627,-0.296053371,3,3.621751004
-0.066607663,-0.30253578,0.616244144,0.139701257,0.228850154,-0.58551202,-0.168371377,0.508236438,0.353888606,-0.703105802,-0.37628488,-0.09065533,-0.087790053,3,5.036071843
-0.066607663,-0.30253578,-0.525107466,0.139701257,-0.243146262,-0.58551202,-0.168371377,0.783782426,0.350242198,-0.610092752,-0.615399079,0.687560809,-0.087790053,3,5.009509351
-0.066607663,-0.30253578,-0.270366895,0.139701257,-0.256195885,-0.58551202,-0.168371377,0.841684674,0.361340101,-0.337686605,-0.468160649,0.775624108,-0.087790053,3,4.699726655
-0.066607663,-0.30253578,-0.039819562,0.139701257,-0.282505801,-0.58551202,-0.168371377,0.573787273,0.314654363,-0.54370389,-0.693322208,-0.043773555,-0.087790053,3,4.533524906
-0.066607663,-0.30253578,-0.503760491,0.139701257,-0.309101699,-0.58551202,-0.168371377,0.672049494,0.052010394,-0.457799523,-0.530964506,0.64066285,-0.087790053,3,4.820106303
-0.066607663,-0.30253578,-0.150823833,0.139701257,0.050822669,-0.58551202,-0.168371377,0.267193025,0.340823097,-0.579979492,-0.036835963,0.192159173,-0.087790053,3,3.136050339
-0.066607663,-0.30253578,-0.371409244,0.139701257,-0.19163281,-0.58551202,-0.168371377,0.533610831,0.347733007,-0.516337524,-0.328523198,-0.06785797,-0.087790053,3,3.891028679
-0.066607663,-0.30253578,-0.583455865,0.139701257,-0.043296572,-0.58551202,-0.168371377,0.283688057,0.012586614,-0.583509733,-0.520161262,0.598921779,-0.087790053,3,4.358224789
-0.066607663,-0.30253578,-0.784117432,0.139701257,-0.17892214,-0.58551202,-0.168371377,0.058791302,0.330517622,-0.535805155,-0.320580478,0.396338096,-0.087790053,3,3.820844578
0.226863855,0.29797127,-0.586302128,-1.308864797,0.1414552,-0.58551202,2.112642024,0.188988669,0.3170156,-0.87875035,-0.692336903,0.486854669,-1.342719226,3,7.217359153
0.226863855,0.29797127,-0.395602483,-1.308864797,-0.055320176,-0.58551202,2.112642024,0.57129123,0.250263426,-0.861244093,-0.742508337,0.475221872,-1.342719226,3,7.302971064
0.226863855,0.29797127,-0.456797145,-1.308864797,-0.031331763,-0.58551202,2.112642024,0.783782426,0.252729245,-0.740607853,-0.838128366,0.85555264,-1.342719226,3,7.905517245
0.226863855,0.29797127,-0.606225972,-1.308864797,-0.446598465,-0.58551202,2.112642024,0.878213043,0.206752993,-0.51818014,-0.969203668,1.436366359,-1.342719226,3,9.100080951
0.226863855,0.29797127,-0.573493943,-1.308864797,-0.243146262,-0.58551202,2.112642024,0.850854826,0.260291432,-0.714017292,-0.911124247,0.822713874,-1.342719226,3,8.30710531
0.226863855,0.29797127,-0.421218853,-1.308864797,0.073797473,-0.58551202,2.112642024,0.676883914,0.293154201,-0.464108006,-0.923543728,0.53709537,-1.342719226,3,7.315457176
0.226863855,0.29797127,-0.952046971,-1.308864797,-0.684049964,-0.58551202,2.112642024,0.846272947,0.140514388,-0.080350836,-1.156814174,1.553435514,-1.342719226,3,10.24672374
0.598019011,1.26802112,-0.838196436,0.169384988,-0.607341532,-0.58551202,1.564265401,0.855430332,0.334013565,-0.266336783,-1.12430064,0.785342978,-0.550947072,2,7.550969696
0.598019011,1.26802112,0.212074746,0.169384988,-0.349545572,-0.58551202,1.564265401,0.91883046,0.361340101,-0.160951804,-1.099389532,0.601087982,-0.550947072,2,7.931301851
0.598019011,1.26802112,-0.91789181,0.169384988,-0.912583826,-0.58551202,1.564265401,0.825575034,0.361340101,0.300028806,-0.935672542,0.89321523,-0.550947072,2,7.19085496
0.598019011,1.26802112,0.250499301,0.169384988,-0.19163281,-0.58551202,1.564265401,0.921072467,0.350755212,-0.140602876,-0.810276257,0.267890837,-0.550947072,3,7.976796268
0.598019011,1.26802112,0.062645919,0.169384988,-0.141181568,-0.58551202,1.564265401,0.894067933,0.361340101,0.44016312,-0.681451376,0.222322807,-0.550947072,2,7.924805313
0.598019011,1.26802112,0.128109976,0.169384988,0.250219709,-0.58551202,1.564265401,0.898583986,0.297442114,0.114407294,-0.635987729,0.059745375,-0.550947072,3,7.967232541
0.598019011,1.26802112,-0.654612449,0.169384988,-0.295767614,-0.58551202,1.564265401,0.841684674,0.314366294,-0.154751218,-0.525855126,0.098245801,-0.550947072,3,7.45663385
0.598019011,1.26802112,-0.747116008,0.169384988,-0.699684512,-0.58551202,1.564265401,0.909847272,-0.50767515,0.347365164,-0.621235677,0.796931266,-0.550947072,2,6.195146003
0.598019011,1.26802112,0.075454104,0.169384988,-0.335989866,-0.58551202,1.564265401,0.905346546,0.348645656,0.088381464,-0.817112335,0.762904207,-0.550947072,2,7.552803299
0.598019011,1.26802112,-0.483836647,0.169384988,-0.43249584,-0.58551202,1.564265401,0.797772809,0.253668124,-0.164936119,-0.947881256,0.757000563,-0.550947072,2,6.994049126
0.598019011,1.26802112,0.244806774,0.169384988,-0.475049932,-0.58551202,1.564265401,0.909847272,0.34527904,-0.124200454,-1.061637523,0.512164419,-0.550947072,2,7.827905475
0.598019011,1.26802112,-0.60480284,0.169384988,-1.089965717,-0.58551202,1.564265401,0.905346546,0.333612575,-0.2833409,-1.252696533,1.144021424,-0.550947072,2,8.167215376
0.598019011,1.26802112,-0.186402125,0.169384988,-0.376884388,-0.58551202,1.564265401,0.898583986,0.361340101,0.07724792,-1.252585469,0.904079244,-0.550947072,2,7.51546935
0.598019011,1.26802112,-0.153670097,0.169384988,-0.964461357,-0.58551202,1.564265401,0.800098715,0.310849858,-0.212856544,-1.316766781,1.352335547,-0.550947072,2,8.141852036
0.598019011,1.26802112,-1.79738719,0.169384988,-0.895532896,-0.58551202,1.564265401,0.945635392,0.361340101,0.584225967,-1.526534009,1.941447226,-0.550947072,2,9.437079686
2.730003275,-1.734514131,-1.250904624,-0.032464381,-1.071637552,-0.58551202,1.227363805,0.945635392,0.361340101,0.913946027,-1.684772726,1.526328545,-0.296053371,2,10.57782145
2.730003275,-1.734514131,-1.158401065,-0.032464381,-0.699684512,-0.58551202,1.227363805,0.945635392,0.361340101,1.011154955,-1.562415056,1.501297125,-0.296053371,2,9.870659467
2.730003275,-1.734514131,-1.962470465,-0.032464381,-1.382760654,-0.58551202,1.227363805,0.896326729,0.361340101,0.831613337,-1.651006386,1.67308352,-0.296053371,2,11.74652306
2.730003275,-1.734514131,-0.216287891,-0.032464381,-0.9996677,-0.58551202,1.227363805,0.945635392,-1.275379294,0.759641131,-1.552857003,1.586111362,-0.296053371,2,9.712985167
2.730003275,-1.734514131,-0.930699995,-0.032464381,-0.699684512,-0.58551202,1.227363805,0.945635392,-1.311623772,0.713825428,-1.429710287,0.732174326,-0.296053371,2,8.882134435
2.730003275,-1.734514131,-1.929738436,-0.032464381,-0.861783415,-0.58551202,1.227363805,0.848564685,0.331721553,0.757551559,-1.499183599,1.686677418,-0.296053371,2,11.05126609
2.730003275,-1.734514131,-1.559724199,-0.032464381,-0.376884388,-0.58551202,1.227363805,0.804745563,0.126519334,0.75014101,-1.413892063,1.61698256,-0.296053371,2,10.44724852
2.730003275,-1.734514131,-0.974817077,-0.032464381,-0.731256545,-0.58551202,1.227363805,0.830185866,0.095024718,0.823930605,-1.41862337,1.154147958,-0.296053371,2,9.031273471
2.730003275,-1.734514131,-0.227672944,-0.032464381,0.08520448,-0.58551202,1.227363805,0.885017306,0.221537244,0.592102758,-1.309766566,0.455257753,-0.296053371,2,9.453560603
2.730003275,-1.734514131,-1.249481492,-0.032464381,-0.141181568,-0.58551202,1.227363805,0.945635392,0.031291508,0.545014822,-1.340254847,0.355449676,-0.296053371,2,9.967361147
2.730003275,-1.734514131,-1.807349112,-0.032464381,-0.747196657,-0.58551202,1.227363805,0.667207759,0.041824083,0.413678391,-1.318722382,0.203191066,-0.296053371,2,10.13680875
2.730003275,-1.734514131,-0.815426329,-0.032464381,-0.166277158,-0.58551202,1.227363805,0.912095348,-0.51374028,0.712563276,-1.303819975,0.643830793,-0.296053371,2,8.437274119
2.730003275,-1.734514131,-0.217711022,-0.032464381,-0.489400698,-0.58551202,1.227363805,0.855430332,-0.100629636,0.518780933,-1.165058957,0.571603854,-0.296053371,2,8.34943161
2.730003275,-1.734514131,-0.184978994,-0.032464381,-0.699684512,-0.58551202,1.227363805,0.533610831,-2.309171297,0.942837373,-1.169195144,0.56055,-0.296053371,2,9.141875018
2.730003275,-1.734514131,-1.437334874,-0.032464381,-1.127039132,-0.58551202,1.227363805,0.809385811,-2.299578003,0.77255573,-1.178882299,0.68035173,-0.296053371,2,10.33378539
0.434020221,-1.734514131,0.940718167,-0.032464381,1.682497994,-0.58551202,1.227363805,0.887282285,0.165555718,0.451898317,-1.034288636,-1.414271765,-0.296053371,3,12.73864327
0.434020221,-1.734514131,-0.307368318,-0.032464381,0.384749918,-0.58551202,1.227363805,0.945635392,0.107561001,0.494935983,-1.15670871,-0.852736454,-0.296053371,2,9.883383868
2.730003275,-1.734514131,0.324502149,-0.032464381,0.281928126,-0.58551202,1.227363805,0.945635392,0.170853975,0.522422419,-1.147661135,-0.620933709,-0.296053371,2,11.19616053
0.434020221,-1.734514131,-0.045512089,-0.032464381,0.642545877,-0.58551202,1.227363805,0.776764637,0.014417825,0.470387914,-1.113863113,-1.112979983,-0.296053371,2,10.38296813
0.434020221,-1.734514131,1.717748066,-0.032464381,2.150229246,-0.58551202,1.227363805,0.734336351,0.231179668,0.534707896,-0.944116155,-3.039699929,-0.296053371,3,15.3828998
0.434020221,-1.734514131,2.163188283,-0.032464381,2.150229246,-0.58551202,1.227363805,0.905346546,0.319662819,0.639120403,-0.879617335,-2.866116266,-0.296053371,3,15.85292294
0.434020221,-1.734514131,2.978642737,-0.032464381,2.150229246,-0.58551202,1.227363805,0.807066511,0.312983217,0.551982154,-0.772607626,-1.953852915,-0.296053371,3,15.45700645
0.434020221,-1.734514131,-0.609072235,-0.032464381,0.218094978,-0.58551202,1.227363805,0.757976127,0.351154169,0.732203199,-0.562149721,0.135876465,-0.296053371,3,8.436742727
0.434020221,-1.734514131,-0.257558709,-0.032464381,0.454237711,-0.58551202,1.227363805,0.786118331,-0.681818206,0.855025826,-0.671359737,-0.149052236,-0.296053371,2,8.381490782
0.434020221,-1.734514131,2.343926006,-0.032464381,2.150229246,-0.58551202,1.227363805,0.859999488,0.200737276,0.681625686,-0.874900925,-1.773332388,-0.296053371,2,14.97251596
0.434020221,-1.734514131,-0.576340206,-0.032464381,0.333879092,-0.58551202,1.227363805,0.44648033,-0.783282798,0.630591262,-0.559167903,0.205937661,-0.296053371,2,8.625520436
0.434020221,-1.734514131,0.052683997,-0.032464381,0.333879092,-0.58551202,1.227363805,0.857715702,-0.261319045,0.744028168,-0.826531243,0.056746616,-0.296053371,2,8.556471882
0.434020221,-1.734514131,0.170803927,-0.032464381,0.174595191,-0.58551202,1.227363805,0.837089983,-0.042135936,0.773094438,-0.688400914,0.089439738,-0.296053371,2,8.790236236
0.434020221,-1.734514131,-0.57918647,-0.032464381,-0.43249584,-0.58551202,1.227363805,0.823267183,-0.294581229,0.445746101,-0.559167903,0.493795553,-0.296053371,2,7.592760699
0.434020221,-1.734514131,-0.572070811,-0.032464381,-0.204409855,-0.58551202,1.227363805,0.885017306,0.072039114,0.746735851,-0.587807144,0.190775036,-0.296053371,2,8.215493017
-0.385973727,-0.85684998,-1.01039537,-0.667696216,0.260834904,-0.58551202,-1.037606663,0.67929839,0.361340101,-0.554128147,-0.433501454,0.523542945,-0.296053371,3,5.154497792
-0.385973727,-0.85684998,0.190727771,-0.667696216,0.31323088,-0.58551202,-1.037606663,0.57129123,0.353376068,-0.746668638,-0.398007288,-0.285220683,-0.296053371,3,5.117398057
-0.385973727,-0.85684998,-0.601956577,-0.667696216,0.207292318,-0.58551202,-1.037606663,0.160551376,0.340422917,-0.785075268,-0.359472504,-0.17817253,-0.296053371,3,4.304145706
-0.385973727,-0.85684998,0.375734889,-0.667696216,0.850909882,-0.58551202,-1.037606663,-1.111804032,0.327419821,-0.894787394,-0.085535436,-1.165281167,-0.296053371,1,4.518549741
-0.385973727,-0.85684998,-0.372832376,-0.667696216,0.271404245,-0.58551202,-1.037606663,-0.532071848,0.340422917,-0.87057296,0.149014037,-0.098873451,-0.296053371,3,4.147542577
-0.385973727,-0.85684998,0.046991471,-0.667696216,0.414772363,-0.58551202,-1.037606663,0.29190174,0.35394555,-0.989974314,0.020924027,-0.889406702,-0.296053371,3,5.224943612
-0.385973727,-0.85684998,0.822598238,-0.667696216,0.892172218,-0.58551202,-1.037606663,0.319120114,0.329198536,-0.89631758,-0.21859108,-0.730397338,-0.296053371,1,5.512137729
-0.575867062,-0.30253578,0.993374039,-1.279181067,1.426676055,-0.58551202,-1.26949997,-0.149841107,0.361340101,-0.960643061,-0.274280988,-1.25847515,-0.879562207,1,6.602304043
-0.575867062,-0.30253578,2.11053241,-1.279181067,1.591977242,-0.58551202,-1.26949997,0.551251295,0.353717768,-0.900095085,-0.332845395,-0.583047441,-0.879562207,1,8.778969337
-0.575867062,-0.30253578,-0.196364047,-1.279181067,1.360001668,-0.58551202,-1.26949997,-0.031371561,0.361340101,-0.87948875,-0.432216935,-0.211332749,-0.879562207,3,6.150448427
-0.575867062,-0.30253578,1.242422084,-1.279181067,1.472290132,-0.58551202,-1.26949997,0.767383967,0.345507391,-0.750465567,-0.360364409,-1.332823825,-0.879562207,1,7.965008215
-0.575867062,-0.30253578,0.399928128,-1.279181067,1.09619022,-0.58551202,-1.26949997,0.846272947,0.361340101,-0.706606553,-0.262526554,-1.059335679,-0.879562207,1,7.341077811
-0.575867062,-0.30253578,-0.964855156,-1.279181067,0.587559326,-0.58551202,-1.26949997,0.710522365,0.327649385,-0.792753285,-0.173004065,0.441019976,-0.879562207,3,6.001828647
-0.575867062,-0.30253578,-0.183555862,-1.279181067,0.86749841,-0.58551202,-1.26949997,0.163407473,0.305250552,-0.939746289,-3.14E-04,0.339062464,-0.879562207,3,5.02386135
-0.575867062,-0.30253578,2.204459101,-1.279181067,2.150229246,-0.58551202,-1.26949997,-0.307077053,0.336990851,-0.975117628,-0.046369744,-1.465871766,-0.879562207,1,8.349317038
-1.01607434,-1.503549881,0.711593966,-0.062148111,1.058254599,1.780579838,-1.12657202,-0.766341142,0.344079942,-0.817521875,0.267011434,-0.789196726,-0.296053371,1,4.09083119
-1.01607434,-1.503549881,0.389966206,-0.062148111,0.88397523,1.780579838,-1.12657202,-1.305821579,0.28049022,-0.60080342,0.613192832,-1.425195146,-0.296053371,1,4.475084121
-1.01607434,-1.503549881,1.285116034,-0.062148111,1.270516642,1.780579838,-1.12657202,-0.856511747,0.361340101,-0.78931281,0.613192832,-1.146633848,-0.296053371,1,4.173244187
-1.01607434,-1.503549881,0.952103221,-0.062148111,1.413485734,1.780579838,-1.12657202,-1.730296596,0.250322157,-0.752248186,1.261651944,-1.238761196,-0.296053371,1,4.968989625
-1.01607434,-1.503549881,0.650399304,-0.062148111,0.94078571,1.780579838,-1.12657202,-1.22131887,0.320238026,-0.877946165,1.261651944,-1.378369304,-0.296053371,1,3.997472319
-1.01607434,-1.503549881,1.275154113,-0.062148111,1.373482686,1.780579838,-1.12657202,-1.452488426,0.324721264,-0.773337747,1.261651944,-2.196482683,-0.296053371,1,5.848266177
-1.326808888,-1.31877848,0.737210337,-0.851735346,0.988452124,1.954998875,-1.200952892,-2.641120224,0.34122323,-1.410369314,1.185697181,-1.261783611,-2.13449138,1,6.792691613
-1.326808888,-1.31877848,0.458276527,-0.851735346,0.825814292,1.954998875,-1.200952892,-1.905212849,0.244561564,-1.604064855,1.185697181,-1.492283798,-2.13449138,1,6.69539266
-1.145547068,-1.873092681,2.267076895,-0.911102807,2.150229246,2.130247773,-1.561189663,-1.163525373,0.346135277,-1.62310231,1.007165015,-2.139428829,-0.550947072,1,8.28285484
-1.300914343,-2.704563981,1.430275466,-0.471783594,1.155689774,2.130247773,-1.406594125,-1.065769922,0.361340101,-1.129711845,1.484817566,-1.610475888,-1.342719226,1,7.373324824
-1.300914343,-2.704563981,1.174111763,-0.471783594,0.924688292,2.130247773,-1.406594125,-0.954493676,0.110136017,-1.059716783,1.484817566,-0.366403679,-1.342719226,1,6.938412943
-1.300914343,-2.704563981,1.411774754,-0.471783594,1.24939307,2.130247773,-1.406594125,-0.881691572,0.334529053,-1.158631464,1.484817566,-0.80422669,-1.342719226,1,7.021727324
-1.309545858,-0.67207858,0.986258381,-0.038401127,1.270516642,2.235244999,-1.413886368,-2.1589539,0.361340101,-1.241527915,1.570148939,-1.425195146,-0.879562207,1,6.281138973
-1.309545858,-0.67207858,1.21395945,-0.038401127,1.126120851,2.235244999,-1.413886368,-2.271336558,0.288976901,-1.506176123,1.570148939,-1.465871766,-0.879562207,1,6.769473204
-1.205967675,-1.734514131,-0.170747677,-0.358985417,0.364528327,2.149033346,-1.332213254,-0.877476761,0.343508793,-1.200102595,1.200654526,-0.611941462,-1.342719226,1,6.44692972
-1.205967675,-1.734514131,1.889947,-0.358985417,1.741036637,2.149033346,-1.332213254,-2.128112053,0.352692562,-1.412490041,1.200654526,-2.062700346,-1.342719226,1,8.915083786
-1.196473008,-1.734514131,2.235767998,-1.095141937,2.075701701,2.235244999,-1.237414103,-1.107159244,0.337849195,-1.191452964,0.824416081,-1.724530212,-0.550947072,1,7.053863864
-1.196473008,-1.734514131,2.493354833,-1.095141937,2.150229246,2.235244999,-1.237414103,-1.168285747,0.325065881,-1.449653159,0.824416081,-2.190688557,-0.550947072,1,8.158679974
-0.567235547,0.06700702,-0.556416363,-0.780494392,0.207292318,-0.58551202,-0.083781366,-1.681306435,0.361340101,-0.563263716,0.342168798,0.021867215,-0.550947072,3,3.696351471
-0.567235547,0.06700702,0.062645919,-0.780494392,0.394798386,-0.58551202,-0.083781366,-0.344422058,0.34978612,-0.322178832,0.525182238,0.037121989,-0.550947072,3,2.734561234
-0.567235547,0.06700702,-0.710114585,-0.780494392,0.196441752,-0.58551202,-0.083781366,0.272701447,0.318627199,-0.279301717,0.525182238,0.867586883,-0.550947072,3,2.9617841
-0.567235547,0.06700702,-0.310214582,-0.780494392,0.394798386,-0.58551202,-0.083781366,-0.127639533,0.271631816,-0.565133108,0.47527893,0.520137541,-0.550947072,3,2.351855257
-0.567235547,0.06700702,-1.334869393,-0.780494392,-0.091749612,-0.58551202,-0.083781366,0.945635392,0.361340101,-0.02591009,0.308801153,1.276876451,-0.550947072,3,4.606584616
-0.567235547,0.06700702,-0.458220277,-0.780494392,0.107860184,-0.58551202,-0.083781366,0.765034562,0.340537259,-0.449449068,0.309805237,0.793077454,-0.550947072,3,2.751492659
-0.567235547,0.06700702,-1.249481492,-0.780494392,-0.17892214,-0.58551202,-0.083781366,0.681711048,0.351894964,-0.094383394,0.205541558,1.33987825,-0.550947072,3,4.295575742
-0.567235547,0.06700702,-0.675959424,-0.780494392,0.185542854,-0.58551202,-0.083781366,-0.300342085,0.327305033,-0.348072952,0.199260634,0.668959763,-0.550947072,3,2.580774083
-0.567235547,0.06700702,0.132379372,-0.780494392,0.740253176,-0.58551202,-0.083781366,-1.149303489,0.29773164,-0.549561253,0.342168798,-0.223718009,-0.550947072,3,4.029219974
-0.567235547,0.06700702,-1.238096439,-0.780494392,0.323576767,-0.58551202,-0.083781366,-2.651551386,0.076996025,-0.215009021,0.165931942,1.687805251,-0.550947072,3,6.976691141
-0.567235547,0.06700702,-0.142285043,-0.780494392,0.454237711,-0.58551202,-0.083781366,-0.714562978,0.342709022,-0.390832383,0.342168798,-0.207810952,-0.550947072,3,2.945399369
-0.040713117,-0.94923568,-0.560685758,-0.786431138,0.281928126,-0.58551202,0.397506627,-0.227335584,0.337963625,-1.070350382,-0.097525798,0.384053308,-0.296053371,3,4.842692724
-0.040713117,-0.94923568,0.512355531,-0.786431138,0.791948027,-0.58551202,0.397506627,0.596163229,0.337849195,-0.87116643,0.077913473,-0.169554768,-0.296053371,3,5.87221627
-0.040713117,-0.94923568,-0.471028462,-0.786431138,0.08520448,-0.58551202,0.397506627,0.804745563,0.361340101,-0.659979005,-0.235193603,0.854623318,-0.296053371,3,5.215788076
-0.040713117,-0.94923568,0.129533108,-0.786431138,0.250219709,-0.58551202,0.397506627,0.772077686,0.343337429,-0.645330669,0.046334571,-0.03582218,-0.296053371,3,4.801078775
-0.411868273,-0.48730718,0.952103221,-0.602392008,0.615207061,-0.58551202,-0.724040243,0.67929839,0.331664232,-0.11669658,-0.252982098,-0.166120107,0.240825082,3,5.776836697
-0.411868273,-0.48730718,-0.167901413,-0.602392008,0.107860184,-0.58551202,-0.724040243,0.746177816,0.351894964,-0.056645747,-0.13609637,1.154924378,0.240825082,3,4.828818982
-0.411868273,-0.48730718,0.84963774,-0.602392008,0.687442524,-0.58551202,-0.724040243,0.407246735,0.324146824,0.139968094,-0.004613204,-0.128798981,0.240825082,3,5.438012267
-0.411868273,-0.48730718,0.47820037,-0.602392008,0.908484269,-0.58551202,-0.724040243,0.487787251,0.361340101,0.133345959,-0.004613204,-0.574256868,0.240825082,3,5.844186189
-0.437762818,-0.48730718,2.823521383,-0.602392008,1.881534388,-0.58551202,-0.724040243,0.423000251,0.293328142,-0.175540977,-0.231925207,-1.586157066,0.240825082,3,9.985978173
-0.437762818,-0.48730718,3.476738826,-0.602392008,2.150229246,-0.58551202,-0.724040243,0.543703244,0.275597691,0.062052885,-0.231925207,-1.399817794,0.240825082,3,11.074522
-0.437762818,-0.48730718,2.501893623,-0.602392008,1.452845273,-0.58551202,-0.724040243,0.630658798,0.30681006,-0.08661712,-0.036835963,-2.052022043,0.240825082,3,9.816501352
-0.437762818,-0.48730718,1.253807137,-0.602392008,1.027476852,-0.58551202,-0.724040243,0.464619925,0.217269063,-0.051375527,-0.036835963,-0.870970675,0.240825082,3,6.870718452
-0.437762818,-0.48730718,1.998105007,-0.602392008,1.983164676,-0.58551202,-0.724040243,-2.031355551,0.249323585,-0.201403082,0.052825334,-1.677117162,0.240825082,1,9.2163878
-0.437762818,-0.48730718,0.384273679,-0.602392008,1.019721541,-0.58551202,-0.724040243,-1.73650534,0.265907988,-0.019507994,0.052825334,-1.746535944,0.240825082,1,7.43771025
-0.437762818,-0.48730718,-0.428334511,-0.602392008,0.384749918,-0.58551202,-0.724040243,0.143356323,0.254254789,0.070812765,0.208825494,0.137306959,0.240825082,3,3.324845481
-0.437762818,-0.48730718,1.608166926,-0.602392008,1.03520766,-0.58551202,-0.724040243,0.386115384,0.241265309,0.002161575,0.208825494,-1.190473476,0.240825082,3,7.257686706
-0.411868273,-0.48730718,2.924563733,-0.602392008,1.706081777,-0.58551202,-0.724040243,0.289166336,0.298310617,0.102684648,0.29121347,-2.446510523,0.240825082,3,10.47429907
-0.411868273,-0.48730718,2.796481881,-0.602392008,2.065590948,-0.58551202,-0.724040243,0.208733318,0.25777261,-0.152442017,0.19890543,-1.664417154,0.240825082,3,9.585861188
-0.411868273,-0.48730718,0.631898592,-0.602392008,0.817391569,-0.58551202,-0.724040243,0.09700351,0.146035071,-0.013131273,0.19890543,-0.478433091,0.240825082,3,5.126412931
-0.411868273,-0.48730718,-0.278905685,-0.602392008,0.354354513,-0.58551202,-0.724040243,-0.052824935,0.244855713,-0.153868162,0.19890543,0.023398994,0.240825082,3,3.106180008
-0.411868273,-0.48730718,0.496701082,-0.602392008,0.464005383,-0.58551202,-0.724040243,0.375494718,0.312983217,0.05644254,0.434973358,-0.195542966,0.240825082,3,4.751911235
-0.411868273,-0.48730718,1.531317815,-0.602392008,1.019721541,-0.58551202,-0.724040243,0.242278968,0.322307955,0.048598587,0.434973358,-1.364222215,0.240825082,3,7.379188411
-1.093757977,-0.85684998,0.28323133,-0.643949231,0.323576767,1.536684426,-0.909263198,-1.925659807,0.260467093,-0.79633178,1.17682617,-0.870970675,-0.087790053,1,4.072194898
-1.093757977,-0.85684998,0.46112279,-0.643949231,0.281928126,1.536684426,-0.909263198,-0.722459302,0.285956716,-0.742952623,1.17682617,-0.625448101,-0.087790053,1,3.450258668
-1.093757977,-0.85684998,0.87525411,-0.643949231,0.1414552,1.536684426,-0.909263198,-0.283577375,0.329083809,-0.649235343,1.220089986,0.098245801,-0.087790053,1,4.576802461
-1.093757977,-0.85684998,-0.2660975,-0.643949231,-0.079546103,1.536684426,-0.909263198,0.055830938,0.34836048,-0.679489576,1.220089986,0.241237313,-0.087790053,3,6.257505791
-1.093757977,-0.85684998,0.108186133,-0.643949231,0.163598325,1.536684426,-0.909263198,-0.330782231,0.22124102,-0.693747987,1.414137868,0.074658721,-0.087790053,1,5.36454105
-1.093757977,-0.85684998,0.157995742,-0.643949231,0.323576767,1.536684426,-0.909263198,-2.876996194,0.232833217,-0.594301257,1.414137868,-1.209620925,-0.087790053,1,5.652092742
-1.067863431,0.29797127,-0.980509604,-0.465846848,-0.404532124,1.352216424,-0.773627491,0.375494718,0.219700229,-0.372370647,1.641756004,0.254617383,0.088294073,3,6.732178874
-1.067863431,0.29797127,-0.963432024,-0.465846848,-0.282505801,1.352216424,-0.773627491,0.203105396,0.316900456,-0.406736056,1.641756004,0.904079244,0.088294073,3,7.008783011
-1.067863431,0.29797127,-0.247596788,-0.465846848,0.384749918,1.352216424,-0.773627491,-1.02958651,0.32294018,-0.140915958,1.66504612,-0.263253643,0.088294073,1,6.48092895
-1.067863431,0.29797127,-0.079667249,-0.465846848,-0.031331763,1.352216424,-0.773627491,0.44648033,0.241265309,-0.394233273,1.66504612,-0.092295714,0.088294073,3,6.114747032
-1.067863431,0.29797127,0.214921009,-0.465846848,0.404805756,1.352216424,-0.773627491,-0.463258053,0.232833217,-0.476960844,1.611598235,-0.199038895,0.088294073,1,6.151111393
-1.067863431,0.29797127,0.620513539,-0.465846848,0.568952403,1.352216424,-0.773627491,-1.995456556,0.343337429,-0.408189468,1.611598235,-0.819393499,0.088294073,1,5.538022185
-1.067863431,0.29797127,0.29177012,-0.465846848,0.394798386,1.352216424,-0.773627491,-2.347627418,0.357815486,-0.550286295,1.506922498,-0.996033048,0.088294073,1,5.984156426
-1.067863431,0.29797127,0.222036668,-0.465846848,0.434584605,1.352216424,-0.773627491,-2.74879088,0.246737654,-0.354725355,1.506922498,-1.823607553,0.088294073,1,7.419312162
-1.067863431,0.29797127,0.960642011,-0.465846848,0.86749841,1.352216424,-0.773627491,-3.004478786,0.299352523,-0.797624591,1.851205329,-1.851683662,0.088294073,1,6.711449957
-1.067863431,0.29797127,2.813559461,-0.465846848,1.769789007,1.352216424,-0.773627491,-2.805673718,0.361340101,-0.102883885,1.851205329,-1.846971326,0.088294073,1,9.980935463
-1.404492526,-0.94923568,-0.247596788,-0.554898039,0.130308035,2.130247773,-1.097403051,-1.163525373,0.338478509,-1.044786759,1.915335676,-0.816856089,-2.13449138,1,7.014918227
-1.404492526,-0.94923568,-0.577763338,-0.554898039,0.01595084,2.130247773,-1.097403051,-1.884982272,0.351553079,-1.186470147,1.915335676,-0.246966401,-2.13449138,1,8.905546516
-1.387229495,-1.18019993,1.667938457,-0.976407014,1.837446735,2.202189111,-1.081360117,-1.061216256,0.300799079,-1.573276586,1.220089986,-2.062700346,-0.879562207,1,6.75268102
0.796543861,-2.519792581,3.44685306,-0.857672092,2.150229246,1.295996068,-1.049274251,0.640446239,0.320180509,0.130960998,-1.111185712,-1.232241384,-0.296053371,1,12.84431105
0.796543861,-2.519792581,1.495739523,-0.857672092,1.346445963,1.295996068,-1.049274251,0.945635392,0.283108275,0.168703867,-1.017288237,-0.533123675,-0.296053371,1,10.65167523
0.796543861,-2.519792581,0.796981867,-0.857672092,0.908484269,1.295996068,-1.049274251,0.945635392,0.332982352,0.163894697,-0.907064293,-0.735218788,-0.296053371,1,9.209581095
0.796543861,-2.519792581,1.310732405,-0.857672092,1.192155405,1.295996068,-1.049274251,0.513327833,0.337963625,0.073484973,-0.815883489,-0.186835106,-0.296053371,1,9.913168355
0.796543861,-2.519792581,1.761865148,-0.857672092,1.786879637,1.295996068,-1.049274251,0.700947268,0.312522065,0.068324342,-0.791735942,-0.650498343,-0.296053371,1,10.64082613
0.796543861,-2.519792581,3.011374765,-0.857672092,2.090789921,1.295996068,-1.049274251,0.750902297,0.303805916,0.05605126,-0.667225039,-0.993212032,-0.296053371,1,11.77341953
0.796543861,-2.519792581,1.487200733,-0.857672092,0.980571929,1.295996068,-1.049274251,0.820957705,0.34150901,0.269653107,-0.845335585,0.079106814,-0.296053371,1,10.68079062
0.796543861,-2.519792581,1.3150018,-0.857672092,1.380195444,1.295996068,-1.049274251,0.753261956,0.309753822,0.081940525,-0.982883869,-0.468118447,-0.296053371,1,10.22950552
0.796543861,-2.519792581,-1.02747295,-0.857672092,0.228850154,1.295996068,-1.049274251,-0.013110702,0.335674299,0.232517731,-0.929504917,-0.043773555,-0.296053371,3,9.89041279
0.796543861,-2.519792581,1.041760517,-0.857672092,0.956777914,1.295996068,-1.049274251,0.583751729,0.287641386,0.246921633,-0.797721673,0.534844275,-0.296053371,1,10.36823056
0.175074764,-2.519792581,2.867638465,-0.857672092,2.150229246,1.295996068,-1.049274251,0.111567881,0.290369913,0.105131473,-0.56245582,-0.609700965,-0.296053371,1,10.76957711
0.175074764,-2.519792581,1.690708564,-0.857672092,1.809483018,1.295996068,-1.049274251,-0.341005624,0.323629744,0.073818987,-0.246323652,-2.036131845,-0.296053371,1,9.029834993
-0.783023428,0.06700702,-0.515145544,-1.101078683,-0.00757625,1.295996068,-0.61319816,-0.052824935,0.329600052,-0.752401302,0.32901675,0.401226756,-0.879562207,3,4.50445819
-0.783023428,0.06700702,-0.606225972,-1.101078683,0.03925386,1.295996068,-0.61319816,-0.726416823,0.314135821,-0.199900244,0.556451041,0.319951627,-0.879562207,3,5.317277098
-0.783023428,0.06700702,-0.059743406,-1.101078683,0.473734218,1.295996068,-0.61319816,-2.082816629,0.361340101,-0.483423744,0.556451041,-0.811792833,-0.879562207,1,5.364921737
-0.783023428,0.06700702,0.364349836,-1.101078683,0.394798386,1.295996068,-0.61319816,-0.140304542,0.350299203,-0.643915246,0.32901675,-0.546003711,-0.879562207,1,5.007347761
-0.783023428,0.06700702,2.005220666,-1.101078683,1.291459411,1.295996068,-0.61319816,-0.368459426,0.326329175,-0.338186867,0.530112184,-0.814322537,-0.879562207,1,5.322208625
-0.929759187,-0.39492148,0.677438806,-0.917039553,1.088650003,1.709467249,-0.693412825,-1.12112175,0.361340101,-0.971661244,0.403249513,-1.851683662,-0.550947072,1,3.515356927
-0.929759187,-0.39492148,0.814059447,-0.917039553,1.058254599,1.709467249,-0.693412825,-0.698844512,0.361340101,-0.725673874,0.487523038,-2.133829464,-0.550947072,1,3.636105467
-0.929759187,-0.39492148,1.401812832,-0.917039553,1.148330976,1.709467249,-0.693412825,-0.466835135,0.31759126,-0.68576756,0.700583784,-0.954211361,-0.550947072,1,3.287698283
-0.929759187,-0.39492148,0.77421176,-0.917039553,1.140949979,1.709467249,-0.693412825,-1.383160892,0.341680467,-0.933664496,0.729622239,-1.578129052,-0.550947072,1,3.075339371
-0.929759187,-0.39492148,0.284654462,-0.917039553,0.825814292,1.709467249,-0.693412825,-1.158774907,0.361340101,-0.811508744,0.431529894,-0.666637802,-0.550947072,1,3.16101797
-0.9651484,-1.642128431,0.754287917,-1.142635906,1.284498386,1.295996068,-1.142614953,-1.154034295,0.361340101,-0.362814577,0.413718876,-1.322487848,-0.296053371,1,4.086578407
-0.9651484,-1.642128431,2.188804653,-1.142635906,1.914086513,1.295996068,-1.142614953,0.038004779,0.306405813,-1.182573898,0.66442363,-1.746535944,-0.296053371,1,6.776276314
-0.9651484,-1.642128431,0.976296459,-1.142635906,1.30532233,1.295996068,-1.142614953,-0.928546281,0.334700864,-1.166433799,0.869736662,-1.414271765,-0.296053371,1,3.438203776
-0.9651484,-1.642128431,1.939756608,-1.142635906,1.946211244,1.295996068,-1.142614953,-0.441896916,0.246737654,-0.93351347,0.858110004,-2.117143417,-0.296053371,1,6.066980137
-1.326808888,-2.242635481,2.335387216,-1.249497336,2.150229246,2.202189111,-1.451806028,-1.53538211,0.353489972,-1.584544959,1.08321313,-2.036131845,-2.13449138,1,10.97203209
-1.335440404,-1.457357031,1.147072261,-0.733000423,1.073499499,2.202189111,-1.195119098,-1.774169995,0.348930808,-1.818159021,1.484386462,-0.520342463,-2.13449138,1,7.513940245
-1.430387071,-1.457357031,0.243383643,-0.643949231,0.1414552,1.902146362,-1.300127387,-1.168285747,0.348930808,-1.730060771,1.484386462,-0.441595503,-2.13449138,1,7.577176318
-1.464913132,-0.11776438,-0.073974722,-0.994217253,-0.079546103,2.130247773,-1.371591362,-1.187427358,0.031291508,-1.459900502,1.888795502,0.310957646,-2.13449138,1,9.657718986
-1.292282827,-0.85684998,-0.103860488,-0.685506454,0.271404245,1.873922381,-0.852383708,-1.197058974,0.361340101,-1.146152005,1.486895599,-0.678262481,-0.087790053,1,5.046047392
-1.292282827,-0.85684998,0.046991471,-0.685506454,0.174595191,1.873922381,-0.852383708,-0.591467323,0.361340101,-1.067315999,1.486895599,-0.574256868,-0.087790053,1,5.117661388
-1.292282827,-0.85684998,0.402774391,-0.685506454,0.434584605,1.873922381,-0.852383708,-1.645327532,0.215132907,-1.0978398,1.486895599,-0.200789615,-0.087790053,1,5.314826833
-1.240493736,0.34416412,0.824021369,-0.970470268,0.774837477,2.130247773,-0.906346301,-1.367472814,0.361340101,-1.19250885,0.823945279,-1.948842957,-0.550947072,1,4.678716341
-1.240493736,0.34416412,1.232460162,-0.970470268,1.433244645,2.130247773,-0.906346301,-1.377918957,0.361340101,-0.816875956,0.823945279,-1.837586458,-0.550947072,1,5.204476688
-1.240493736,0.34416412,0.495277951,-0.970470268,0.722775969,2.130247773,-0.906346301,-1.615822222,0.361340101,-1.17781327,0.823945279,-1.374821252,-0.550947072,1,4.698375669
-1.01607434,-1.13400708,-0.220557286,-0.709253439,0.344138221,-0.58551202,0.401881973,-1.932524553,0.361340101,-0.795154533,0.958732536,-0.372218029,-0.550947072,1,7.141901691
-1.01607434,-1.13400708,-0.388486824,-0.709253439,0.107860184,-0.58551202,0.401881973,-0.718508029,0.361340101,-0.798864582,0.958732536,-0.051763065,-0.550947072,3,5.456261555
-1.01607434,-1.13400708,0.563588271,-0.709253439,0.783407709,-0.58551202,0.401881973,-1.206731708,0.361340101,-0.58799653,1.106806915,-0.894711832,-0.550947072,1,5.02543238
-1.01607434,-1.13400708,0.380004284,-0.709253439,0.651591354,-0.58551202,0.401881973,-0.396197368,0.338249681,-0.994517338,1.106806915,-0.620933709,-0.550947072,1,5.742792588
-1.01607434,-1.13400708,-0.700152663,-0.709253439,-0.055320176,-0.58551202,0.401881973,-0.162607467,0.361340101,-0.547884829,1.215374827,0.649097348,-0.550947072,3,5.385528796
-1.335440404,-1.688321281,0.089685421,-0.299617956,0.196441752,2.048814653,-1.301585836,-1.819039111,0.194411942,-0.908744717,1.611906043,-1.281773568,-0.296053371,1,6.833932273
-1.335440404,-1.688321281,1.080185072,-0.299617956,0.817391569,2.048814653,-1.301585836,-2.63075907,0.214301808,-0.978516804,1.611906043,-1.360704136,-0.296053371,1,6.696120682
-1.335440404,-1.688321281,0.838252686,-0.299617956,0.434584605,2.048814653,-1.301585836,-0.524742291,0.326845841,-1.085094211,1.611906043,-0.948713634,-0.296053371,1,5.315418132
-1.050600401,-1.08781423,0.438352683,-0.471783594,0.1414552,1.611685166,-0.740083176,-0.794675086,0.354799593,-1.187907032,0.955024095,-0.202542176,0.088294073,1,4.739278244
-1.050600401,-1.08781423,0.303155173,-0.471783594,0.587559326,1.611685166,-0.740083176,-1.932524553,0.284968756,-0.742252937,0.955024095,-0.354835509,0.088294073,1,4.899300712
-1.050600401,-1.08781423,0.996220303,-0.471783594,1.140949979,1.611685166,-0.740083176,-1.981288435,0.324376612,-0.706976599,0.955024095,-1.319056725,0.088294073,1,4.287426378
-0.713971306,-0.02537868,1.35769575,-1.107015429,1.353233203,1.593770932,-1.310336527,-0.766341142,0.342994676,-0.982360474,0.37780535,-0.727991837,0.088294073,1,4.857566599
-0.713971306,-0.02537868,0.475354107,-1.107015429,0.766237122,1.593770932,-1.310336527,-0.159410388,0.341166071,-0.985390994,0.050022793,-0.305614824,0.088294073,1,5.588495295
-0.713971306,-0.02537868,1.61955198,-1.107015429,1.163026507,1.593770932,-1.310336527,0.250606733,0.361340101,-0.839914064,-0.105223799,-0.842405818,0.088294073,1,6.22817628
-0.713971306,-0.02537868,0.806943789,-1.107015429,0.748945187,1.593770932,-1.310336527,0.205920691,0.361340101,-1.034061261,-0.055952822,-0.589670948,0.088294073,1,5.530292415
-0.092502209,-0.02537868,0.502393609,-0.620202247,0.228850154,-0.58551202,-0.184414311,0.531082639,0.361340101,0.031234693,0.020924027,-1.432517398,-0.550947072,3,4.702150487
-0.092502209,-0.02537868,-0.441142697,-0.620202247,-0.055320176,-0.58551202,-0.184414311,0.380809666,0.357587966,-0.128064736,-0.103251497,-0.122102249,-0.550947072,3,2.342923041
-0.092502209,-0.02537868,-1.862851247,-0.620202247,-0.622492036,-0.58551202,-0.184414311,-0.90287641,0.086393322,0.806952868,-0.489080356,0.273170745,-0.550947072,3,6.244834506
-0.092502209,-0.02537868,-0.227672944,-0.620202247,0.152551811,-0.58551202,-0.184414311,-0.334185724,0.361340101,0.249687329,-0.402214023,-0.973597561,-0.550947072,3,4.020736126
-0.092502209,-0.02537868,-0.368562981,-0.620202247,-0.166277158,-0.58551202,-0.184414311,0.724831841,0.357929241,-0.261823406,-0.271008382,0.147286165,-0.550947072,3,2.490273557
-0.092502209,-0.02537868,-0.022741982,-0.620202247,0.096558554,-0.58551202,-0.184414311,0.538661101,0.341337545,-0.248421281,-0.009888106,-0.509765858,-0.550947072,3,2.860703821
-0.092502209,-0.02537868,0.405620655,-0.620202247,0.333879092,-0.58551202,-0.184414311,0.650203691,0.354458002,-0.102557896,0.173561786,-0.241572517,-0.550947072,3,3.345270195
-0.092502209,-0.02537868,-0.821118856,-0.620202247,-0.607341532,-0.58551202,-0.184414311,0.407246735,0.358611688,-0.276427591,0.341980897,0.11571949,-0.550947072,3,2.674535956
-0.092502209,-0.02537868,-0.523684334,-0.620202247,-0.376884388,-0.58551202,-0.184414311,0.548737295,0.32592727,-0.171246562,0.366991499,0.892306689,-0.550947072,3,3.053922505
-0.092502209,-0.02537868,-0.711537716,-0.620202247,-0.11634076,-0.58551202,-0.184414311,0.24505747,0.361340101,-0.29190386,0.38226958,0.659580766,-0.550947072,3,2.374860128
-0.092502209,-0.02537868,0.142341293,-0.620202247,0.260834904,-0.58551202,-0.184414311,0.117373341,0.351724026,-0.063149259,0.137299297,-0.058182378,-0.550947072,3,2.365663307
-0.092502209,-0.02537868,-0.240481129,-0.620202247,0.027630092,-0.58551202,-0.184414311,-0.137132909,0.357531083,0.01449972,0.368520356,0.284989705,-0.550947072,3,1.904519324
-0.532709486,0.52893552,0.204959087,-0.721126931,0.333879092,-0.58551202,-0.551943324,-0.351267964,0.361340101,-0.468012095,0.60248881,-0.66432257,-0.296053371,3,3.961412434
-0.532709486,0.52893552,0.133802503,-0.721126931,0.260834904,-0.58551202,-0.551943324,-0.283577375,0.361340101,-0.430913523,0.60248881,-0.74247723,-0.296053371,3,3.790577161
-0.532709486,0.52893552,-0.34294661,-0.721126931,-0.043296572,-0.58551202,-0.551943324,-0.434814759,0.361340101,-0.125766017,0.674816081,-0.552481268,-0.296053371,3,3.45711279
-0.532709486,0.52893552,-0.816849461,-0.721126931,-0.282505801,-0.58551202,-0.551943324,0.316409293,0.328395362,-0.224095181,0.674816081,0.150126421,-0.296053371,3,3.078761211
-0.532709486,0.52893552,0.189304639,-0.721126931,0.454237711,-0.58551202,-0.551943324,-0.806918425,0.361340101,-0.139203407,0.674816081,-0.935048178,-0.296053371,3,5.08052754
-0.532709486,0.52893552,0.212074746,-0.721126931,0.414772363,-0.58551202,-0.551943324,-2.206241148,0.342994676,-0.405455995,0.929265799,-1.245306626,-0.296053371,3,6.743265174
-0.532709486,0.52893552,0.042722076,-0.721126931,0.250219709,-0.58551202,-0.551943324,-1.315977525,0.361340101,-0.193281088,0.929265799,-0.926902394,-0.296053371,3,5.431212327
-0.532709486,0.52893552,-0.28317508,-0.721126931,0.163598325,-0.58551202,-0.551943324,-0.663832645,0.361340101,-0.299878918,0.929265799,0.29282268,-0.296053371,3,3.286125626
-0.817549489,-0.71827143,-0.589148392,0.127827765,-0.17892214,-0.58551202,-1.155740989,-1.479761058,0.278161338,-0.898062593,0.859069836,-0.122102249,-0.550947072,3,6.606636424
-0.817549489,-0.71827143,0.072607841,0.127827765,0.207292318,-0.58551202,-1.155740989,-2.016912571,0.235783936,-0.890639695,0.859069836,-0.632242712,-0.550947072,1,5.827484736
-0.817549489,-0.71827143,-0.196364047,0.127827765,-0.11634076,-0.58551202,-1.155740989,-1.154034295,0.196382449,-1.071976893,1.079619615,-0.27603252,-0.550947072,1,6.330831201
-1.008305976,-0.71827143,-0.819695724,-0.620202247,-0.475049932,1.629094705,-0.744458522,-1.34157406,0.344936484,-1.025601054,1.307108608,0.245262631,-2.13449138,1,7.758029607
-1.008305976,-0.71827143,-0.357177927,-0.620202247,-0.166277158,1.629094705,-0.744458522,-1.621689418,0.158437795,-1.197290381,1.307108608,-0.52459198,-2.13449138,1,6.8029533
-0.342816151,0.80609262,0.048414602,-1.095141937,0.163598325,-0.58551202,-0.871343538,-0.890143252,0.320238026,-1.020106331,1.255521238,-1.059335679,-0.296053371,3,6.533238987
-0.342816151,0.80609262,0.039875812,-1.095141937,-0.00757625,-0.58551202,-0.871343538,-0.873269262,0.318454565,-1.162330459,1.255521238,-0.771831464,-0.296053371,3,6.189588084
-0.342816151,0.80609262,-0.348639137,-1.095141937,0.03925386,-0.58551202,-0.871343538,-1.047608295,0.361340101,-1.13551651,1.114532983,-0.486731039,-0.296053371,3,5.721830176
-0.342816151,0.80609262,-0.58772526,-1.095141937,-0.153697189,-0.58551202,-0.871343538,-0.565313582,0.361340101,-1.202526743,0.864924701,-0.150751175,-0.296053371,3,5.03727789
-0.342816151,0.80609262,-0.550723836,-1.095141937,-0.282505801,-0.58551202,-0.871343538,-0.111888378,0.349444021,-1.257823851,0.996173732,-0.026330362,-0.296053371,3,4.725889121
-0.342816151,0.80609262,-0.31733024,-1.095141937,-0.019425177,-0.58551202,-0.871343538,-0.924248897,0.357019097,-1.219160573,0.710236889,-0.385864294,-0.296053371,3,5.084284307
-0.342816151,0.80609262,-0.422641985,-1.095141937,-0.217253972,-0.58551202,-0.871343538,-0.598988935,0.361340101,-0.983873253,0.710236889,-0.160981359,-0.296053371,3,4.606315634
-0.342816151,0.80609262,-0.446835223,-1.095141937,-0.256195885,-0.58551202,-0.871343538,-0.146658631,0.361340101,-0.931855436,0.710236889,-0.23977843,-0.296053371,3,4.243899736
-0.972916763,-1.36497133,1.364811409,-0.738937169,1.111201302,1.629094705,-1.406594125,-0.456118434,0.349044862,-1.650716277,1.414769963,-1.116011484,-2.13449138,1,5.972681315
-0.316921605,-1.18019993,0.367196099,0.080333796,-0.562444885,-0.58551202,-1.352631532,-0.108748728,0.321675612,-1.348843314,1.199738006,-0.358682647,-2.13449138,3,8.815224717
-0.610393123,-0.39492148,0.589204642,-0.228377003,0.344138221,1.902146362,-1.076984772,-0.214268111,0.361340101,-1.340581487,1.034426034,-0.668956257,-0.296053371,1,4.721421504
-0.610393123,-0.39492148,0.842522081,-0.228377003,0.996307022,1.902146362,-1.076984772,-1.357076474,0.310215354,-1.256608108,1.257528842,-1.407029102,-0.296053371,1,3.9877238
-0.972916763,0.15939272,-0.381371166,-0.335238433,-0.418474034,-0.58551202,-0.988019416,-0.484793929,0.296747149,-1.246995469,1.655381304,-0.031069511,-0.879562207,3,5.684494767
-0.972916763,0.15939272,-0.546454441,-0.335238433,-0.460782844,-0.58551202,-0.988019416,-0.351267964,0.172658249,-0.931028641,1.655381304,0.277119723,-0.879562207,3,5.442892914
-1.085126462,-0.25634293,0.333040939,-0.341175179,0.260834904,2.167264691,-1.023022179,-1.377918957,0.335846052,-1.482831125,1.772268186,-0.870970675,-0.550947072,1,5.369536228
-1.03333737,-0.67207858,0.502393609,-0.762684154,0.404805756,2.130247773,-1.335130151,-1.275630206,0.327305033,-1.584544959,1.730258516,-0.970814253,-0.550947072,1,4.380906148
-1.085126462,0.57512837,0.935025641,-0.436163117,0.606025818,1.709467249,-1.445972234,-1.047608295,0.32104315,-1.279952423,1.827205011,-0.998858849,-2.13449138,1,6.201544104
-1.085126462,0.57512837,0.296039515,-0.436163117,0.239558261,1.709467249,-1.445972234,-0.636932128,0.361340101,-0.927363489,1.827205011,-0.973597561,-2.13449138,1,6.881653995
-1.240493736,-0.07157153,0.422698235,0.015029588,0.364528327,1.954998875,-1.381800501,-0.985126591,0.209548658,-0.813135664,2.192953333,-1.116011484,-0.550947072,1,5.503277762
-1.240493736,-0.07157153,-0.566378285,0.015029588,-0.26931548,1.954998875,-1.381800501,-1.925659807,0.335273507,-0.856169907,2.192953333,-0.533123675,-0.550947072,1,8.325987424
-1.249125251,-0.67207858,0.634744855,-1.314801543,0.908484269,2.202189111,-1.333671702,-0.976333996,0.28990564,-1.524491783,2.423106595,-1.447259173,-0.296053371,1,5.684993252
-1.223230705,1.63756392,-0.880890386,-0.442099863,-0.322508849,2.130247773,-1.349714635,-1.705652374,0.280257405,-1.097409242,2.171266552,-0.478433091,-0.550947072,1,10.14295575
-1.223230705,1.63756392,-0.492375437,-0.442099863,-0.019425177,2.130247773,-1.349714635,-1.858335054,0.240676348,-0.677444641,2.171266552,-1.091912551,-0.550947072,1,9.112197018
1.858220236,0.80609262,-0.099591093,1.52889985,-0.376884388,-0.58551202,1.011513432,0.887282285,0.250615798,1.374396558,-0.807042299,0.824607916,1.495754255,2,4.176801398
1.858220236,0.80609262,0.160842005,1.52889985,0.107860184,-0.58551202,1.011513432,0.739078141,0.329600052,0.982299577,-0.499555455,0.354194829,1.495754255,2,5.29925433
1.858220236,0.80609262,-0.220557286,1.52889985,0.218094978,-0.58551202,1.011513432,0.553763284,0.352977373,1.12158659,-0.345260089,0.112819907,1.495754255,2,5.47972042
1.858220236,0.80609262,-0.241904261,1.52889985,0.207292318,-0.58551202,1.011513432,0.500583722,0.326156936,1.029305539,-0.496672588,0.277119723,1.495754255,2,5.250498645
1.858220236,0.80609262,0.1651114,1.52889985,0.454237711,-0.58551202,1.011513432,0.667207759,0.23194749,1.058816068,-0.489963289,-0.533123675,1.495754255,2,6.431068385
1.858220236,0.80609262,-0.044088957,1.52889985,-0.104014292,-0.58551202,1.011513432,0.74144643,0.087627784,0.980751191,-0.661564941,0.46585679,1.495754255,2,4.370721852
1.858220236,0.80609262,-1.309253023,1.52889985,0.004215573,-0.58551202,1.011513432,0.859999488,0.268537496,0.961214152,-0.823356918,-0.085743848,1.495754255,2,5.756377677
1.858220236,0.80609262,-0.681651951,1.52889985,-0.518357232,-0.58551202,1.011513432,0.691343568,0.10234342,1.025059741,-1.007434773,0.517863397,1.495754255,2,3.554195473
1.409381443,0.80609262,3.555011068,1.52889985,0.130308035,-0.58551202,1.011513432,0.541183186,0.11160654,0.934818583,-1.007434773,-1.177829698,1.495754255,2,9.35746331
1.409381443,0.80609262,-3.872313183,1.52889985,0.687442524,-0.58551202,1.011513432,0.664784141,0.112525281,1.06023515,-1.315272713,-0.682935162,1.495754255,2,9.012020048
1.409381443,0.80609262,-1.877082564,1.52889985,0.130308035,-0.58551202,1.011513432,0.748540918,-0.13346115,0.963564517,-1.161989304,0.443401406,1.495754255,2,4.979332806
0.658439617,0.80609262,-3.442527415,1.52889985,0.260834904,-0.58551202,1.011513432,0.945635392,-1.723629665,1.563659502,-1.437056793,0.361709773,1.495754255,2,8.329720623
0.658439617,0.80609262,-1.867120642,1.52889985,2.150229246,-0.58551202,1.011513432,0.945635392,0.237612066,1.093763276,-1.669550373,-1.984233265,1.495754255,2,10.46988743
0.658439617,0.80609262,0.57070393,1.52889985,2.150229246,-0.58551202,1.011513432,0.873669071,0.236491719,1.161468751,-1.636194361,-1.759880285,1.495754255,2,9.59805817
0.658439617,0.80609262,1.04460678,1.52889985,2.150229246,-0.58551202,1.011513432,0.889545714,0.333669862,1.22743813,-1.859950995,-2.14504708,1.495754255,2,10.85990861
0.658439617,0.80609262,-0.093898566,1.52889985,2.150229246,-0.58551202,1.011513432,0.945635392,0.181904642,1.387065853,-1.912000882,-0.197290013,1.495754255,2,7.889648269
0.977805681,0.80609262,-0.57918647,1.52889985,2.150229246,-0.58551202,1.011513432,0.705738379,0.070488522,1.335976251,-1.975699159,-0.314968075,1.495754255,2,7.290851013
0.977805681,0.80609262,-1.95820107,1.52889985,-0.9996677,-0.58551202,1.011513432,0.945635392,0.361340101,1.472657526,-1.903933862,1.958784517,1.495754255,2,6.914354989
0.977805681,0.80609262,-3.051166202,1.52889985,-0.9996677,-0.58551202,1.011513432,0.945635392,0.361340101,1.708655325,-1.963597957,2.105444782,1.495754255,2,8.44964228
1.003700227,0.80609262,1.46727689,1.52889985,-0.795649698,-0.58551202,1.011513432,0.898583986,0.361340101,1.735642573,-1.692219845,0.375399731,1.495754255,2,6.038211904
1.003700227,0.80609262,0.522317453,1.52889985,-0.982001207,-0.58551202,1.011513432,0.793116015,0.16308429,1.620454317,-1.652383877,1.287663083,1.495754255,2,5.093985007
1.003700227,0.80609262,0.728671547,1.52889985,-1.089965717,-0.58551202,1.011513432,0.91883046,0.361340101,1.415787428,-1.634419388,1.137758974,1.495754255,2,5.35973838
1.003700227,0.80609262,0.13949503,1.52889985,-1.127039132,-0.58551202,1.011513432,0.859999488,0.361340101,1.822310996,-1.596462404,1.319610125,1.495754255,2,5.29922204
1.003700227,0.80609262,-0.083936644,1.52889985,-1.739288107,-0.58551202,1.011513432,0.945635392,0.343337429,1.692582087,-1.596462404,1.179580661,1.495754255,2,5.485914201
1.003700227,0.80609262,0.976296459,1.52889985,-1.691775962,-0.58551202,1.011513432,0.760330645,0.361340101,2.435481812,-1.556255592,0.787279966,1.495754255,2,6.641725302
1.003700227,0.80609262,0.374311758,1.52889985,-1.576881682,-0.58551202,1.011513432,0.925551952,0.361340101,1.637871707,-1.426535823,1.125163,1.495754255,2,5.500620788
1.254014169,0.80609262,-1.06162811,1.52889985,-1.488699217,-0.58551202,1.011513432,0.945635392,0.361340101,1.384790742,-1.35334235,1.313269543,1.495754255,2,5.279408399
1.254014169,0.80609262,-1.084398217,1.52889985,-1.281219172,-0.58551202,1.011513432,0.945635392,0.361340101,1.320335195,-1.409656278,1.379689359,1.495754255,2,5.152976657
1.254014169,0.80609262,-2.723845915,1.52889985,-2.100523658,-0.58551202,1.011513432,0.743812988,-0.339926467,1.746736598,-1.52640526,1.747601451,1.495754255,2,7.619702346
1.254014169,0.80609262,-1.430219216,1.52889985,-2.59152443,-0.58551202,1.011513432,0.903093892,0.361340101,1.66442072,-1.543737813,1.757362082,1.495754255,2,7.622401197
1.254014169,0.80609262,-2.319676518,1.52889985,-1.668361443,-0.58551202,1.011513432,0.945635392,0.361340101,1.836675427,-1.491081832,1.614628059,1.495754255,2,7.608101715
1.254014169,0.80609262,-1.824426692,1.52889985,-2.524484659,-0.58551202,1.011513432,0.703343716,0.361340101,1.801272244,-1.427512002,1.819969943,1.495754255,2,7.891076284
1.254014169,0.80609262,-1.995202494,1.52889985,-1.739288107,-0.58551202,1.011513432,0.945635392,0.222248073,1.590628387,-1.342701725,1.747057513,1.495754255,2,6.953464632
1.254014169,0.80609262,-1.269405336,1.52889985,-1.445771825,-0.58551202,1.011513432,0.921072467,0.361340101,1.32946523,-1.187762207,1.106887776,1.495754255,2,4.992407886
1.254014169,0.80609262,-0.809733802,1.52889985,-0.77939184,-0.58551202,1.011513432,0.878213043,0.34727659,1.256470917,-0.986343805,0.777572423,1.495754255,2,3.205705364
1.254014169,0.80609262,-0.328715294,1.52889985,0.271404245,-0.58551202,1.011513432,0.531082639,0.254430768,1.129636302,-0.767642496,0.930933287,1.495754255,2,3.96818695
1.254014169,0.80609262,-1.773193951,1.52889985,-1.862268692,-0.58551202,1.011513432,0.878213043,0.361340101,1.491825928,-1.143363256,1.453973436,1.495754255,2,6.334881352
1.193593562,0.80609262,-0.126630595,1.52889985,-0.9996677,-0.58551202,1.011513432,0.776764637,0.361340101,1.356638335,-1.121297706,0.577103396,1.495754255,2,3.396915092
1.193593562,0.80609262,-0.56210889,1.52889985,-1.202914935,-0.58551202,1.011513432,0.825575034,0.361340101,1.558068387,-1.130737075,0.701886042,1.495754255,2,3.6529128
1.193593562,0.80609262,0.269000013,1.52889985,-1.127039132,-0.58551202,1.011513432,0.91883046,0.333268832,1.360475901,-1.190337842,0.778545727,1.495754255,2,4.072504733
1.193593562,0.80609262,0.175073322,1.52889985,-1.241753823,-0.58551202,1.011513432,0.855430332,0.361340101,1.177673144,-1.243611285,0.984236755,1.495754255,2,4.134125589
1.193593562,0.80609262,-0.761347325,1.52889985,-2.185392232,-0.58551202,1.011513432,0.921072467,0.339679599,1.301399265,-1.292210641,1.030877385,1.495754255,2,5.142261252
1.193593562,0.80609262,-1.17974804,1.52889985,-3.483732682,-0.58551202,1.011513432,0.945635392,0.361340101,2.046053357,-1.463001353,1.745424633,1.495754255,2,8.535217894
1.193593562,0.80609262,-0.611918498,1.52889985,-2.918248852,-0.58551202,1.011513432,0.409877939,0.009616569,1.420150446,-1.449613079,1.711315052,1.495754255,2,6.48597831
1.193593562,0.80609262,-0.419795721,1.52889985,-3.206440216,-0.58551202,1.011513432,0.945635392,0.361340101,1.848886779,-1.343518069,1.523220111,1.495754255,2,6.959118725
1.193593562,0.80609262,0.086839158,1.52889985,-2.59152443,-0.58551202,1.011513432,0.945635392,0.361340101,1.587469992,-1.36074489,1.063995965,1.495754255,2,6.092556755
1.193593562,0.80609262,0.17365019,1.52889985,-1.321331522,-0.58551202,1.011513432,0.945635392,0.241088632,1.404931351,-1.285867678,1.063175975,1.495754255,2,4.530687567
1.193593562,0.80609262,-1.327753735,1.52889985,-2.243652094,-0.58551202,1.011513432,0.855430332,0.361340101,1.844349166,-1.215095407,1.018286171,1.495754255,2,6.176189342
1.193593562,0.80609262,-1.068743769,1.52889985,-2.185392232,-0.58551202,1.011513432,0.603586808,-0.045864881,2.082885445,-1.321947875,1.560752406,1.495754255,2,6.34526379
1.193593562,0.80609262,-0.852427753,1.52889985,-3.483732682,-0.58551202,1.011513432,0.945635392,0.292864279,2.310529213,-1.544647716,1.268921625,1.495754255,2,8.009040995
0.900122044,0.80609262,-3.051166202,1.52889985,-1.362112443,-0.58551202,1.011513432,0.945635392,0.206217384,1.761057399,-1.897788572,1.294815561,1.495754255,2,7.91061141
0.900122044,0.80609262,-0.959162629,1.52889985,0.722775969,-0.58551202,1.011513432,0.945635392,-0.028990947,1.506506513,-1.73653246,0.20456493,1.495754255,2,5.820070977
0.364968099,0.80609262,-0.946354444,1.52889985,-0.460782844,-0.58551202,1.011513432,0.898583986,-0.142668081,1.284937499,-1.506938702,1.500035626,1.495754255,2,4.861633388
0.364968099,0.80609262,0.811213184,1.52889985,0.687442524,-0.58551202,1.011513432,0.945635392,-1.212384591,1.593992978,-1.493230412,1.019128553,1.495754255,2,6.769376588
0.364968099,0.80609262,-0.747116008,1.52889985,-0.795649698,-0.58551202,1.011513432,0.945635392,-5.138217597,2.179176486,-1.56084048,-0.098873451,1.495754255,2,9.675805699
0.364968099,0.80609262,0.533702506,1.52889985,-0.460782844,-0.58551202,1.011513432,0.945635392,-3.391336805,1.581400763,-1.416438189,1.136189676,1.495754255,2,7.550269442
0.364968099,0.80609262,-2.353831678,1.52889985,-0.363176797,-0.58551202,1.011513432,0.945635392,-3.582581681,1.716414753,-1.384681398,1.939509674,1.495754255,2,9.781102244
0.364968099,0.80609262,-1.603841281,1.52889985,-0.592284262,-0.58551202,1.011513432,0.945635392,-0.923737968,1.911189291,-1.342818323,1.044203934,1.495754255,2,5.400766392
1.193593562,0.80609262,-2.508953031,1.52889985,-2.660452892,-0.58551202,1.011513432,0.945635392,-2.305142835,2.12763709,-1.264283725,2.061435509,1.495754255,2,10.07721322
1.072752349,0.80609262,0.216344141,1.52889985,-2.59152443,-0.58551202,1.011513432,0.945635392,-3.633814767,1.698191491,-1.076827984,1.659377775,1.495754255,2,8.71901903
1.072752349,0.80609262,0.711593966,1.52889985,-2.491641232,-0.58551202,1.011513432,0.734336351,-3.841471245,1.461104355,-1.092245838,1.461093675,1.495754255,2,8.690789713
1.072752349,0.80609262,-1.39179466,1.52889985,-1.691775962,-0.58551202,1.011513432,0.693747186,-1.772333125,1.865124937,-1.276281259,1.515110929,1.495754255,2,6.395963662
1.072752349,0.80609262,-0.462489672,1.52889985,-2.100523658,-0.58551202,1.011513432,0.945635392,-4.062797073,2.347274117,-1.109540001,1.088409832,1.495754255,2,8.229248307
1.409381443,0.80609262,0.771365497,1.52889985,-2.214348766,-0.58551202,1.011513432,0.375494718,-3.048010074,1.50110078,-1.11840293,1.251432649,1.495754255,2,8.198062509
1.409381443,0.80609262,0.183612112,1.52889985,-0.532965028,-0.58551202,1.011513432,0.945635392,-0.115522517,1.4717944,-1.052542775,0.56055,1.495754255,2,3.546537273
1.409381443,0.80609262,-0.392756219,1.52889985,-0.929754413,-0.58551202,1.011513432,0.839388132,-0.107444062,1.260470746,-1.036956002,0.634308832,1.495754255,2,2.633576614
0.511703858,0.80609262,-0.902237362,1.52889985,0.004215573,-0.58551202,1.011513432,0.657502238,-0.299741475,1.510250995,-0.962733655,0.455257753,1.495754255,2,4.040133767
0.511703858,0.80609262,-0.254712446,1.52889985,-1.071637552,-0.58551202,1.011513432,0.596163229,-5.151336497,1.262300934,-0.896861482,1.291243161,1.495754255,2,7.914365411
0.252758401,0.80609262,-1.020357291,1.52889985,-1.403584598,-0.58551202,1.011513432,0.214350591,-4.986675672,1.364459832,-0.85902617,0.782433266,1.495754255,2,8.843939291
1.072752349,0.80609262,-0.549300704,1.52889985,-2.243652094,-0.58551202,1.011513432,0.841684674,-4.587792568,1.637460507,-1.002673187,1.368118826,1.495754255,2,8.34326112
0.252758401,0.80609262,-0.633265474,1.52889985,-1.739288107,-0.58551202,1.011513432,-0.108748728,-3.724882586,1.517831663,-0.919178158,0.633247469,1.495754255,2,7.921330099
1.072752349,0.80609262,-0.11382241,1.52889985,-1.576881682,-0.58551202,1.011513432,0.433457935,-3.955362775,2.037653441,-1.048559161,0.504152952,1.495754255,2,7.318972006
1.072752349,0.80609262,-0.126630595,1.52889985,-1.554536335,-0.58551202,1.011513432,0.417758049,-2.178165759,1.282633027,-0.977610296,1.159575316,1.495754255,2,4.97744743
1.072752349,0.80609262,0.13949503,1.52889985,-1.913245507,-0.58551202,1.011513432,0.846272947,-2.785730451,1.392377757,-0.946656759,1.346810469,1.495754255,2,6.337099918
0.252758401,0.80609262,0.093954816,1.52889985,-0.878599966,-0.58551202,1.011513432,0.620841138,-2.381151707,1.348395281,-0.868751367,0.828389552,1.495754255,2,5.185428699
0.252758401,0.80609262,0.784173682,1.52889985,-0.947046347,-0.58551202,1.011513432,0.816333857,-2.415511244,1.426902168,-0.836974258,1.011531738,1.495754255,2,6.244343244
0.252758401,0.80609262,0.203535956,1.52889985,-0.622492036,-0.58551202,1.011513432,0.329939173,-2.160473502,1.220686578,-0.739979878,0.190775036,1.495754255,2,5.637235228
1.366223867,0.80609262,0.219190404,1.52889985,-0.912583826,-0.58551202,1.011513432,0.664784141,-2.12836811,1.154155082,-0.645247743,0.688588136,1.495754255,2,4.393871603
1.366223867,0.80609262,-0.105283619,1.52889985,-1.403584598,-0.58551202,1.011513432,0.832488853,-2.122118069,1.576856726,-0.721709292,0.577103396,1.495754255,2,5.044434722
1.599274779,0.80609262,0.493854819,1.52889985,-1.071637552,-0.58551202,1.011513432,0.823267183,-1.995144715,1.474831129,-0.804860382,1.289812053,1.495754255,2,5.700286986
1.599274779,0.80609262,0.254768696,1.52889985,-1.887624345,-0.58551202,1.011513432,0.793116015,-3.625705578,1.593431769,-0.914545197,0.866664252,1.495754255,2,7.463365376
1.599274779,0.80609262,-0.184978994,1.52889985,-2.128487375,-0.58551202,1.011513432,0.945635392,-4.466752188,1.617088377,-0.998214233,1.503187584,1.495754255,2,8.868464606
1.599274779,0.80609262,-0.493798569,1.52889985,-2.214348766,-0.58551202,1.011513432,0.664784141,-2.6291278,1.56896402,-1.091125757,1.922459273,1.495754255,2,7.32910542
1.599274779,0.80609262,-0.932123127,1.52889985,-1.18372426,-0.58551202,1.011513432,0.807066511,0.361340101,1.394934397,-1.094590016,1.261656852,1.495754255,2,4.751398817
1.599274779,0.80609262,-0.660304976,1.52889985,-1.668361443,-0.58551202,1.011513432,0.772077686,0.330230908,1.789953999,-1.045279113,1.204630903,1.495754255,2,5.18680258
1.599274779,0.80609262,0.176496454,1.52889985,-0.475049932,-0.58551202,1.011513432,0.882750774,0.298600068,1.41108556,-0.85758973,0.997086983,1.495754255,2,4.297851341
1.599274779,0.80609262,-0.089629171,1.52889985,-0.295767614,-0.58551202,1.011513432,0.945635392,0.354458002,1.161174036,-0.912510358,0.726160566,1.495754255,2,3.753992017
1.599274779,0.80609262,0.288923857,1.52889985,-0.731256545,-0.58551202,1.011513432,0.945635392,0.303054459,1.422477299,-0.937077142,0.938905803,1.495754255,2,4.156385723
1.599274779,0.80609262,-0.609072235,1.52889985,-1.599432981,-0.58551202,1.011513432,0.869118835,-0.678960399,1.538343852,-1.016310306,1.326627025,1.495754255,2,4.247219593
1.599274779,0.80609262,0.251922433,1.52889985,-1.382760654,-0.58551202,1.011513432,0.827881261,-3.177387027,1.454115543,-0.928199267,1.33987825,1.495754255,2,6.862345818
1.599274779,0.80609262,0.083992894,1.52889985,-0.812016304,-0.58551202,1.011513432,0.864562315,-0.120392743,1.209347998,-0.851407807,0.842494714,1.495754255,2,3.303823185
1.599274779,0.80609262,-0.044088957,1.52889985,-1.222257317,-0.58551202,1.011513432,0.869118835,0.313386673,1.420537592,-0.74200237,0.711030492,1.495754255,2,4.213449093
1.366223867,0.80609262,-0.138015648,1.52889985,-0.947046347,-0.58551202,1.011513432,0.916586939,0.361340101,1.391891912,-0.689138276,0.874031029,1.495754255,2,3.893901003
1.366223867,0.80609262,0.192150902,1.52889985,-1.145788638,-0.58551202,1.011513432,0.907597672,-0.2126337,1.292507716,-0.752996055,0.979068779,1.495754255,2,3.781642551
1.366223867,0.80609262,0.664630621,1.52889985,-1.071637552,-0.58551202,1.011513432,0.776764637,-5.774421632,1.239932745,-0.639016089,0.809394937,1.495754255,2,8.82131504
1.366223867,0.80609262,0.530856243,1.52889985,-0.763241296,-0.58551202,1.011513432,0.905346546,0.116136482,1.14240518,-0.613982141,0.836866973,1.495754255,2,3.911029177
1.366223867,0.80609262,0.0213751,1.52889985,-0.622492036,-0.58551202,1.011513432,0.757976127,0.293560049,1.111550773,-0.603780739,0.793077454,1.495754255,2,3.444158844
1.366223867,0.80609262,1.581127424,1.52889985,-0.376884388,-0.58551202,1.011513432,0.930025414,0.239674875,1.334902566,-0.5388062,0.741154454,1.495754255,2,5.542614397
1.366223867,0.80609262,0.634744855,1.52889985,-0.812016304,-0.58551202,1.011513432,0.811703467,-4.670318213,1.400956114,-0.506299634,0.926487568,1.495754255,2,7.873475893
1.366223867,0.80609262,0.345849124,1.52889985,-0.947046347,-0.58551202,1.011513432,0.630658798,-2.991921089,1.079775316,-0.551620148,0.874031029,1.495754255,2,5.769627157
1.366223867,0.80609262,-0.43545017,1.52889985,-1.202914935,-0.58551202,1.011513432,0.664784141,-4.389497401,1.071568619,-0.444599593,0.95298563,1.495754255,2,6.888005124
1.366223867,0.80609262,-0.492375437,1.52889985,-1.053445657,-0.58551202,1.011513432,0.47493788,-5.006364677,1.33222941,-0.307195499,0.760938649,1.495754255,2,7.666756384
1.366223867,0.80609262,0.027067627,1.52889985,-0.812016304,-0.58551202,1.011513432,0.561287224,-0.437818931,1.306212057,-0.304596653,0.689614829,1.495754255,2,3.236782143
1.366223867,0.80609262,-0.286021343,1.52889985,-0.091749612,-0.58551202,1.011513432,0.578773436,0.361340101,1.245645683,-0.348802988,0.524676534,1.495754255,2,4.263027318
1.366223867,0.80609262,0.5963203,1.52889985,-0.577319087,-0.58551202,1.011513432,0.715299253,-0.564547195,1.08555791,-0.432502306,0.709002726,1.495754255,2,3.33328715
1.366223867,0.80609262,0.133802503,1.52889985,-0.390669205,-0.58551202,1.011513432,0.676883914,0.330116216,0.96308362,-0.454320161,0.519000857,1.495754255,2,4.230599817
1.366223867,0.80609262,0.049837734,1.52889985,-0.153697189,-0.58551202,1.011513432,0.543703244,0.361340101,1.235586497,-0.337313244,0.442211116,1.495754255,2,4.655904986
1.366223867,0.80609262,0.328771544,1.52889985,-0.067403157,-0.58551202,1.011513432,0.712911695,0.343794379,1.173644528,-0.292318202,-0.069476046,1.495754255,2,5.329118891
0.865595983,0.80609262,-0.103860488,1.52889985,0.073797473,-0.58551202,1.011513432,0.064702963,0.361340101,1.311381601,-0.188263092,0.347906374,1.495754255,2,5.471283582
0.865595983,0.80609262,-0.744269745,1.52889985,-0.104014292,-0.58551202,1.011513432,-0.495628519,-0.01424345,0.891470482,-0.12488181,0.458798263,1.495754255,2,5.575836209
0.865595983,0.80609262,-0.46960533,1.52889985,-0.217253972,-0.58551202,1.011513432,0.586237934,-3.824163632,0.973229773,-0.246646326,0.781462232,1.495754255,2,6.484666063
0.252758401,0.80609262,-0.397025614,1.52889985,-0.204409855,-0.58551202,1.011513432,0.820957705,-0.034114245,1.046463439,-0.473769688,1.144021424,1.495754255,2,4.290786147
0.21823234,0.80609262,-0.506606754,1.52889985,-0.204409855,-0.58551202,1.011513432,0.225553391,0.1973971,1.629081584,-0.222982657,0.874031029,1.495754255,2,5.456373262
0.21823234,0.80609262,-0.809733802,1.52889985,-0.079546103,-0.58551202,1.011513432,-0.204507998,0.361340101,1.548100678,-0.277756271,0.531461919,1.495754255,2,6.327054764
0.21823234,0.80609262,-0.163632018,1.52889985,-0.104014292,-0.58551202,1.011513432,0.568793207,0.361340101,1.038708925,-0.144994941,0.695761735,1.495754255,2,5.008459051
-0.196080392,0.80609262,-0.075397854,1.52889985,-0.141181568,-0.58551202,1.011513432,0.731962845,0.352407727,1.004444469,-0.105164002,0.30320968,1.495754255,2,5.766794419
0.21823234,0.80609262,0.220613536,1.52889985,0.271404245,-0.58551202,1.011513432,0.335334242,0.34122323,0.947224004,-0.230581071,0.485695038,1.495754255,2,6.195841032
0.511703858,0.80609262,0.993374039,1.52889985,0.88397523,-0.58551202,1.011513432,0.128949795,0.232656091,1.069388955,-0.479176238,0.138736225,1.495754255,2,7.361717007
0.252758401,0.80609262,-1.216749464,1.52889985,-0.9996677,-0.58551202,1.011513432,0.841684674,0.099516295,1.323986222,-0.556190874,0.874949589,1.495754255,2,4.802066636
0.252758401,0.80609262,-0.170747677,1.52889985,-1.089965717,-0.58551202,1.011513432,0.887282285,-0.222486464,1.217014809,-0.735269297,1.348193457,1.495754255,2,4.200380887
0.511703858,0.80609262,0.287500725,1.52889985,-0.532965028,-0.58551202,1.011513432,0.800098715,0.357417315,1.09122354,-0.653669735,0.923814431,1.495754255,2,4.304290548
0.511703858,0.80609262,-1.39179466,1.52889985,-1.341637021,-0.58551202,1.011513432,0.885017306,0.080399508,1.612375206,-0.825913587,1.403260943,1.495754255,2,5.631329167
0.511703858,0.80609262,-0.138015648,1.52889985,-0.861783415,-0.58551202,1.011513432,0.871394737,0.262164669,1.434686422,-0.765335673,0.864817456,1.495754255,2,3.918977979
0.511703858,0.80609262,-0.075397854,1.52889985,0.073797473,-0.58551202,1.011513432,0.667207759,0.283282739,1.590628387,-0.962733655,0.33398764,1.495754255,2,4.691771139
-0.196080392,0.80609262,-0.056897142,1.52889985,0.250219709,-0.58551202,1.011513432,0.043959069,0.361340101,1.173871823,0.079592043,0.001824839,1.495754255,2,7.253516326
-0.196080392,0.80609262,0.666053753,1.52889985,0.323576767,-0.58551202,1.011513432,0.332637908,0.339508041,1.164575898,0.028839735,-0.54385011,1.495754255,2,8.224940094
-0.196080392,0.80609262,1.108647706,1.52889985,0.454237711,-0.58551202,1.011513432,0.388764793,0.352122869,1.166435065,0.072216673,-0.70887186,1.495754255,2,8.964940789
-0.196080392,0.80609262,-0.74000035,1.52889985,0.119109852,-0.58551202,1.011513432,-0.798749444,0.338650119,0.83800142,0.412633899,-0.048562661,1.495754255,2,8.610727523
0.244126886,0.80609262,-0.584878996,1.52889985,-0.019425177,-0.58551202,1.011513432,-0.734350704,0.209251359,0.759491355,0.235138423,0.362958974,1.495754255,2,7.172559319
0.244126886,0.80609262,0.042722076,1.52889985,0.050822669,-0.58551202,1.011513432,-0.365012312,0.313962955,0.96064138,0.363790716,-0.023178403,1.495754255,2,7.534387581
0.244126886,0.80609262,-0.239057998,1.52889985,-0.204409855,-0.58551202,1.011513432,0.462035058,0.33727699,1.163242056,0.144316117,0.556107838,1.495754255,2,5.234190835
0.244126886,0.80609262,-0.536492519,1.52889985,-0.019425177,-0.58551202,1.011513432,-0.320597417,0.311657234,1.087816034,-0.073739729,0.108461048,1.495754255,2,6.430120523
0.468546282,0.75989977,-1.178324908,1.796053426,-0.763241296,-0.58551202,2.417457753,0.779105582,0.351040186,-0.51670546,-1.090820397,0.867586883,-0.550947072,2,8.145674515
0.468546282,0.75989977,-1.235250175,1.796053426,-2.660452892,-0.58551202,2.417457753,0.907597672,0.046640031,-0.426399675,-1.158713563,1.339183439,-0.550947072,2,10.37308725
0.468546282,0.75989977,-1.692075445,1.796053426,-2.303333066,-0.58551202,2.417457753,0.900839706,-0.117627635,-0.369282259,-1.089090978,1.695117613,-0.550947072,2,10.53096124
0.468546282,0.75989977,-0.425488248,1.796053426,-1.035388021,-0.58551202,2.417457753,0.91883046,0.322537869,-0.68114956,-1.043393231,0.868509003,-0.550947072,2,7.894146194
0.468546282,0.75989977,-0.425488248,1.796053426,-0.079546103,-0.58551202,2.417457753,0.556273266,0.361340101,-0.657352744,-0.817814899,0.364207239,-0.550947072,2,8.443617705
0.261389916,0.34416412,-0.818272592,-0.103705334,0.119109852,-0.58551202,-0.215041728,-0.293623787,0.361340101,-0.452509453,-0.593246077,0.188003305,-0.087790053,3,3.94711035
0.261389916,0.34416412,-0.506606754,-0.103705334,0.404805756,-0.58551202,-0.215041728,-0.706691445,0.361340101,-0.231239822,-0.593246077,0.393888375,-0.087790053,3,4.679266964
0.261389916,0.34416412,-0.870928465,-0.103705334,0.260834904,-0.58551202,-0.215041728,-1.321073076,0.340765932,-0.437586936,-0.294303784,0.824607916,-0.087790053,3,5.471106195
0.261389916,0.34416412,-1.269405336,-0.103705334,-0.12872964,-0.58551202,-0.215041728,0.278199775,0.361340101,-0.214929121,-0.294303784,1.129897659,-0.087790053,3,5.014489741
0.261389916,0.34416412,-0.694460136,-0.103705334,-0.309101699,-0.58551202,-0.215041728,0.214350591,0.361340101,-0.25014228,-0.233014032,0.455257753,-0.087790053,3,3.7849246
0.261389916,0.34416412,-0.374255507,-0.103705334,0.050822669,-0.58551202,-0.215041728,0.061748642,0.361340101,-0.303560441,-0.572046978,0.309668818,-0.087790053,3,3.24675327
0.261389916,0.34416412,-1.014664765,-0.103705334,-0.418474034,-0.58551202,-0.215041728,0.29463466,0.354913449,-0.440595637,-0.579137917,0.569398944,-0.087790053,3,4.616438877
0.261389916,0.34416412,-0.362870454,-0.103705334,-0.518357232,-0.58551202,-0.215041728,0.459448031,0.361340101,-0.333002146,-0.504741105,0.482211294,-0.087790053,3,4.123508638
0.157811733,1.17563542,0.442622078,-0.804241377,0.185542854,-0.58551202,0.111650728,0.171959195,0.333326125,-0.92350543,-0.519338598,-0.172996525,-2.13449138,3,6.697134923
0.157811733,1.17563542,-0.230519208,-0.804241377,-0.019425177,-0.58551202,0.111650728,0.380809666,0.361340101,-1.073711348,-0.668035037,-0.277866103,-2.13449138,3,6.461303232
0.157811733,1.17563542,0.987681513,-0.804241377,0.344138221,-0.58551202,0.111650728,0.739078141,0.361340101,-0.937532392,-0.767898988,-1.071108235,-2.13449138,3,9.156621708
0.157811733,1.17563542,0.728671547,-0.804241377,0.1414552,-0.58551202,0.111650728,0.698549033,0.341680467,-0.66460058,-0.58765198,-0.839833138,-2.13449138,3,7.950286064
0.157811733,1.17563542,-0.358601059,-0.804241377,-1.362112443,-0.58551202,0.111650728,0.487787251,0.361340101,-1.052337944,-0.499703415,-0.513988445,-2.13449138,3,7.958832382
